local,state,average_score,lat,lon,fips
 Aberdeen, SD,3.501449275,45.4646,-98.468,46013
 Aberdeen, WA,4.138636364,45.4646,-98.468,53027
 Abilene, TX,3.870588235,38.923,-97.2251,48441
 Abingdon, VA,3.802,36.7089,-81.9713,51191
 Ada, OH,3.785079365,40.768,-83.8252,39065
 Ada, OK,3.777319588,40.768,-83.8252,40123
 Addison, IL,3.589903846,41.9314,-88.0085,17043
 Adrian, MI,3.88974359,41.8994,-84.0446,26091
 Aiken, SC,3.757798165,33.5303,-81.727,45003
 Akron, OH,3.744354184,41.0802,-81.5219,39153
 Alameda, CA,3.64,37.767,-122.2673,6001
 Alamogordo, NM,3.851428571,32.8834,-105.9627,35035
 Alamosa, CO,4.116923077,37.4755,-105.877,8003
 Albany, GA,3.779881657,44.6274,-123.0966,13095
 Albany, NY,3.630227058,44.6274,-123.0966,36001
 Albany, OR,3.73877551,44.6274,-123.0966,41043
 Albemarle, NC,3.811363636,35.3601,-80.1919,37167
 Albion, MI,3.775690608,42.2478,-84.7572,26025
 Albuquerque, NM,3.787662902,35.1053,-106.6464,35001
 Alexander City, AL,4.091666667,32.9242,-85.9361,1123
 Alexandria, LA,3.827516779,38.9622,-84.386,22079
 Alexandria, MN,3.664705882,38.9622,-84.386,27041
 Alexandria, VA,3.786,38.9622,-84.386,51510
 Alhambra, CA,3.94516129,34.084,-118.1355,6037
 Aliso Viejo, CA,4.0875,33.5792,-117.729,6059
 Allen Park, MI,3.911111111,42.2595,-83.2107,26163
 Allendale, MI,3.69886094,41.0333,-74.1333,26139
 Allendale, SC,3.915384615,41.0333,-74.1333,45005
 Allentown, PA,3.834866828,40.5961,-75.4756,42077
 Alliance, OH,3.693048128,40.9107,-81.1189,39151
 Alma, MI,3.655319149,43.38,-84.6556,26057
 Alpena, MI,4.144736842,45.074,-83.4399,26007
 Alpharetta, GA,3.878378378,34.0704,-84.2739,13121
 Alpine, TX,3.736046512,40.4627,-111.7726,48043
 Altamonte Springs, FL,3.910769231,28.6615,-81.3952,12117
 Altoona, PA,3.815466102,41.6461,-93.4758,42013
 Altus, OK,3.591666667,34.6566,-99.3051,40065
 Alva, OK,3.624324324,36.7892,-98.6648,40151
 Alvin, TX,4.032846715,29.3871,-95.2934,48039
 Amarillo, TX,3.755737705,35.1988,-101.8308,48375
 Ambler, PA,3.52139738,40.1564,-75.2215,42091
 Americus, GA,3.655357143,32.0736,-84.2249,13261
 Ames, IA,3.59603123,42.0261,-93.6279,19169
 Amityville, NY,5,40.6696,-73.4156,36103
 Anaheim, CA,4.061363636,33.839,-117.8572,6059
 Anchorage, AK,3.816231087,61.1508,-149.1091,2020
 Andalusia, AL,3.983333333,31.3101,-86.4781,1039
 Anderson, IN,3.837931034,34.5212,-82.6479,18095
 Anderson, SC,3.762251656,34.5212,-82.6479,45007
 Andover, KS,3.754605263,37.6868,-97.1353,20015
 Angola, IN,3.439655172,41.6432,-85.0051,18151
 Ankeny, IA,3.793264249,41.728,-93.6031,19153
 Ann Arbor, MI,3.768309236,42.2755,-83.7312,26161
 Annapolis, MD,3.753485064,38.9706,-76.5047,24003
 Anoka, MN,3.8625,45.2099,-93.3893,27003
 Apache Junction, AZ,3.75,33.3985,-111.5351,4021
 Appleton, WI,3.917821782,44.2774,-88.3894,55087
 Arcata, CA,3.910086957,40.862,-124.0754,6023
 Arkadelphia, AR,3.759605911,34.125,-93.0719,5019
 Arkansas City, KS,3.876865672,37.0726,-97.0385,20035
 Arlington, TX,3.753778559,35.2595,-89.668,48439
 Arlington, VA,3.775555556,35.2595,-89.668,51013
 Arnold, MD,3.821111111,38.4294,-90.3725,24003
 Arnold, MO,4.25,38.4294,-90.3725,29099
 Arroyo Grande, CA,5,35.1241,-120.5845,6079
 Asbury Park, NJ,4.9,40.2226,-74.0117,34025
 Asheboro, NC,4.059459459,35.7158,-79.8128,37151
 Asheville, NC,3.757197697,35.5706,-82.5537,37021
 Ashland, KY,3.7046875,42.1905,-122.6992,21019
 Ashland, OH,3.6436,42.1905,-122.6992,39005
 Ashland, OR,3.630054645,42.1905,-122.6992,41029
 Ashland, VA,3.804878049,42.1905,-122.6992,51085
 Ashland, WI,4.018181818,42.1905,-122.6992,55003
 Ashtabula, OH,3.972222222,41.8806,-80.7984,39007
 Aspen, CO,2.9625,39.1948,-106.837,8097
 Astoria, OR,4,46.1856,-123.8053,41007
 Atchison, KS,3.894230769,39.5627,-95.137,20005
 Athens, AL,3.755445545,39.3269,-82.0988,1083
 Athens, GA,3.815306573,39.3269,-82.0988,13059
 Athens, OH,3.710157729,39.3269,-82.0988,39009
 Athens, TN,4.154545455,39.3269,-82.0988,47107
 Athens, TX,3.854716981,39.3269,-82.0988,48213
 Athens, WV,3.796276596,39.3269,-82.0988,54055
 Atherton, CA,3.885483871,37.4539,-122.2032,6081
 Atlanta, GA,3.785624418,33.7626,-84.4228,13121
 Auburn, AL,3.779595675,44.085,-70.2492,1081
 Auburn, ME,3.883333333,44.085,-70.2492,23001
 Auburn, NY,3.827184466,44.085,-70.2492,36011
 Auburn, WA,3.824193548,44.085,-70.2492,53033
 Auburn Hills, MI,3.767556468,42.6735,-83.2447,26125
 Augusta, GA,3.826732673,37.6955,-96.9921,13245
 Augusta, ME,3.865979381,37.6955,-96.9921,23011
 Aurora, CO,3.834545455,36.9674,-93.7183,8001
 Aurora, IL,3.746808511,36.9674,-93.7183,17089
 Aurora, NY,3.82,36.9674,-93.7183,36011
 Austin, MN,3.502941176,43.6722,-92.9761,27099
 Austin, TX,3.800324359,43.6722,-92.9761,48453
 Avon Park, FL,3.821818182,27.5904,-81.5074,12055
 Avondale, AZ,3.878899083,33.3858,-112.3236,4013
 Azusa, CA,3.776714286,34.1386,-117.9124,6037
 Bainbridge, GA,4.351282051,30.9046,-84.5722,13087
 Baker City, OR,5,44.7749,-117.832,41001
 Bakersfield, CA,3.877873812,35.353,-119.036,6029
 Baltimore, MD,3.713603058,39.3051,-76.6144,24510
 Bangor, ME,3.686163522,44.8322,-68.7906,23019
 Baraboo, WI,3.759375,43.4696,-89.7378,55111
 Barbourville, KY,3.78,36.8667,-83.885,21121
 Barnesville, GA,3.967521368,33.0511,-84.1526,13171
 Barstow, CA,3.718333333,34.8655,-117.0464,6071
 Bartlesville, OK,4.033333333,36.7356,-95.9451,40147
 Batavia, NY,3.852409639,41.8479,-88.3109,36037
 Batavia, OH,3.721472393,41.8479,-88.3109,39025
 Batesville, AR,3.935714286,34.3147,-89.9249,5063
 Baton Rouge, LA,3.700843289,30.4423,-91.1314,22033
 Battle Creek, MI,4.201980198,42.2985,-85.2296,26025
 Bay City, MI,4.666666667,43.5903,-83.8886,26017
 Bay Minette, AL,3.906024096,30.893,-87.7913,1003
 Baytown, TX,3.83627907,29.7607,-94.9628,48201
 Beatrice, NE,2,40.2738,-96.7455,31067
 Beaufort, SC,3.686046512,32.4487,-80.7103,45013
 Beaumont, TX,3.753216374,33.9059,-116.9763,48245
 Beaver Falls, PA,3.781818182,40.762,-80.3225,42007
 Beaverton, OR,4.66,45.4779,-122.8168,41067
 Beckley, WV,4.023529412,37.7878,-81.1841,54081
 Beebe, AR,3.896610169,35.0714,-91.8999,5145
 Beeville, TX,3.954545455,28.4059,-97.7494,48025
 Bel Air, MD,3.799406528,39.5348,-76.346,24025
 Belleville, IL,3.760456274,38.5165,-89.9899,17163
 Belleville, MI,3.583185841,38.5165,-89.9899,26163
 Bellevue, NE,3.716494845,39.101,-84.4776,31153
 Bellevue, WA,3.603154574,39.101,-84.4776,53033
 Bellingham, WA,3.70488,48.7543,-122.4687,53073
 Belmont, CA,3.909375,37.5154,-122.2955,6081
 Belmont, NC,3.883529412,37.5154,-122.2955,37071
 Beloit, WI,3.798802395,42.523,-89.0184,55105
 Belton, TX,3.812244898,34.5238,-82.4937,48027
 Bemidji, MN,3.574248927,47.483,-94.8788,27007
 Bend, OR,3.951239669,44.0562,-121.3087,41017
 Bensenville, IL,4,41.9595,-87.9434,17043
 Benton Harbor, MI,3.761627907,42.1159,-86.4488,26021
 Bentonville, AR,3.881388889,36.358,-94.2287,5007
 Berea, KY,3.87607362,37.5904,-84.2898,21151
 Berea, OH,3.767816092,37.5904,-84.2898,39035
 Berkeley, CA,3.769536713,38.7441,-90.3362,6001
 Berlin, NH,3.930769231,39.7915,-74.9375,33007
 Berrien Springs, MI,3.81686747,41.9474,-86.3402,26021
 Bethany, OK,3.813114754,35.5072,-97.6417,40109
 Bethany, WV,3.854,35.5072,-97.6417,54009
 Bethlehem, PA,3.711322314,40.6266,-75.3679,42095
 Bettendorf, IA,3.837349398,41.5656,-90.4764,19163
 Beverly, MA,3.779545455,42.5681,-70.8627,25009
 Biddeford, ME,3.796172249,43.4674,-70.4512,23031
 Big Rapids, MI,3.535983827,43.6992,-85.4803,26107
 Big Spring, TX,3.854545455,32.2387,-101.4802,48227
 Big Stone Gap, VA,4.075,36.8627,-82.7768,51195
 Billings, MT,3.584210526,45.7889,-108.5503,30111
 Binghamton, NY,3.762133183,42.1014,-75.9093,36007
 Birmingham, AL,3.767611075,42.5447,-83.2166,1073
 Bismarck, ND,4.051428571,46.814,-100.7695,38015
 Blacksburg, VA,3.712846348,37.23,-80.428,51121
 Blairsville, GA,3.857142857,40.4325,-79.2599,13291
 Blairsville, PA,4.325,40.4325,-79.2599,42063
 Bloomington, IL,3.68778626,44.8306,-93.3151,17113
 Bloomington, IN,3.746485765,44.8306,-93.3151,18105
 Bloomington, MN,3.766956522,44.8306,-93.3151,27053
 Bloomsburg, PA,3.528284672,41.0027,-76.4561,42037
 Bluefield, VA,3.660714286,37.2605,-81.2155,51185
 Bluefield, WV,3.930841121,37.2605,-81.2155,54055
 Bluffton, OH,3.665,32.2135,-80.9316,39003
 Blythe, CA,4.18,33.6222,-114.6189,6065
 Blytheville, AR,4.652631579,35.9323,-89.9052,5093
 Boaz, AL,4.122222222,34.1985,-86.1529,1095
 Boca Raton, FL,3.801052632,26.3749,-80.1077,12099
 Boise, ID,3.722051282,43.6006,-116.2316,16001
 Bolivar, MO,3.68028169,37.6057,-93.4175,29167
 Boone, IA,3.642424242,42.053,-93.8771,19015
 Boone, NC,3.750127065,42.053,-93.8771,37189
 Booneville, MS,4.012244898,34.6643,-88.5684,28117
 Borger, TX,3.083333333,35.6598,-101.4012,48233
 Bossier City, LA,3.977310924,32.523,-93.6666,22015
 Boston, MA,3.693975477,42.3188,-71.0846,25025
 Bothell, WA,3.744135802,47.7736,-122.2044,53033
 Boulder, CO,3.730208333,40.0249,-105.2523,8013
 Bourbonnais, IL,3.801428571,41.1831,-87.8781,17091
 Bowie, MD,3.651327434,38.9575,-76.7421,24033
 Bowling Green, KY,3.742219215,36.9721,-86.4367,21227
 Bowling Green, OH,3.65891287,36.9721,-86.4367,39173
 Bozeman, MT,3.7328125,45.6828,-111.0548,30031
 Bradenton, FL,3.767538126,27.49,-82.5743,12081
 Bradford, PA,3.803947368,41.9604,-78.6413,42083
 Bradley, WV,4.116666667,41.1643,-87.8451,54081
 Brainerd, MN,3.923636364,46.3553,-94.1982,27035
 Brandon, FL,2.833333333,43.5928,-96.5799,12057
 Breckenridge, CO,4.3,39.4994,-106.0433,8117
 Bremerton, WA,3.791959799,47.5436,-122.7122,53035
 Brenham, TX,3.651376147,30.1585,-96.3962,48477
 Brentwood, CA,4.1,38.6195,-90.3475,6013
 Brentwood, NY,3.727578947,38.6195,-90.3475,36103
 Brevard, NC,3.861904762,35.2438,-82.7264,37175
 Brewton, AL,3.916666667,31.1111,-87.0737,1053
 Bridgeport, CT,3.953947368,41.1909,-73.1958,9001
 Bridgeview, IL,3.45,41.7402,-87.8067,17031
 Bridgewater, MA,3.670031546,38.3863,-78.9675,25023
 Bridgewater, VA,3.701408451,38.3863,-78.9675,51165
 Brighton, CO,5,42.5298,-83.7848,8001
 Bristol, PA,4.75,41.6812,-72.9407,42017
 Bristol, TN,3.958695652,41.6812,-72.9407,47163
 Brockport, NY,3.661582734,43.2136,-77.9404,36055
 Brockton, MA,3.868070175,42.0821,-71.0242,25023
 Broken Arrow, OK,3.589423077,36.0365,-95.7808,40143
 Bronx, NY,3.793833049,40.8501,-73.8662,36005
 Bronxville, NY,3.993877551,40.9394,-73.8263,36119
 Brookfield, WI,4.1875,41.8245,-87.847,55133
 Brookings, SD,3.667987805,44.3022,-96.7859,46011
 Brooklyn, NY,3.756929094,41.4349,-81.7498,36047
 Brooklyn Center, MN,3.736842105,45.0681,-93.3162,27053
 Brooklyn Park, MN,3.744047619,45.1112,-93.3505,27053
 Brookville, NY,3.790842491,39.8393,-84.4176,36059
 Brownsville, TX,4.043589744,35.5888,-89.258,48061
 Brownwood, TX,3.854166667,31.7124,-98.9766,48049
 Brunswick, GA,3.702912621,41.2464,-81.8198,13127
 Bryan, TX,3.549604222,41.4711,-84.5489,48041
 Buckhannon, WV,3.566666667,38.9927,-80.2279,54097
 Buena Vista, VA,3.802857143,37.7319,-79.3569,51530
 Buffalo, NY,3.720108532,45.1794,-93.8644,36029
 Bullhead City, AZ,4.394736842,35.1205,-114.546,4015
 Burbank, CA,3.756779661,41.7444,-87.7686,6037
 Burleson, TX,3.666666667,32.5173,-97.3346,48251
 Burlington, VT,3.669480519,40.8072,-91.1249,50007
 Burlington, WI,2.2,40.8072,-91.1249,55101
 Burr Ridge, IL,5,41.7485,-87.9198,17043
 Burton, OH,3.353333333,42.9974,-83.6175,39055
 Butler, PA,3.887288136,40.8615,-79.8962,42019
 Butte, MT,3.570769231,45.902,-112.6571,30093
 Cadillac, MI,3.794117647,44.2495,-85.4139,26165
 Calais, ME,4.833333333,50.9504,1.8333,23029
 Caldwell, ID,3.871666667,39.7467,-81.5127,16027
 Caldwell, NJ,3.903614458,39.7467,-81.5127,34013
 Calexico, CA,3.940540541,32.6849,-115.4944,6025
 California, PA,3.599208443,40.0692,-79.9152,42125
 Calumet City, IL,4.5,41.6133,-87.5502,17031
 Camarillo, CA,3.722535211,34.223,-119.0323,6111
 Cambridge, MA,3.827787934,45.5612,-93.2282,25017
 Cambridge, MN,3.335714286,45.5612,-93.2282,27059
 Camden, AR,3.783333333,34.2564,-80.6085,5103
 Camden, NJ,3.656761905,34.2564,-80.6085,34007
 Campbell, CA,3.975,41.0777,-80.5904,6085
 Campbellsville, KY,3.643243243,37.3446,-85.3512,21217
 Canandaigua, NY,3.938181818,42.8885,-77.2805,36069
 Canton, IL,3.860526316,32.5976,-90.0315,17057
 Canton, MO,4.033333333,32.5976,-90.0315,29111
 Canton, NY,3.662732919,32.5976,-90.0315,36089
 Canton, OH,3.803921569,32.5976,-90.0315,39151
 Canyon, TX,3.655072464,34.9877,-101.918,48381
 Cape Girardeau, MO,3.748,37.3108,-89.5596,29031
 Carbondale, IL,3.721131448,37.722,-89.2238,17077
 Carlinville, IL,3.607692308,39.2774,-89.8762,17117
 Carlisle, PA,3.684161491,39.5807,-84.3201,42041
 Carlsbad, NM,3.4,33.1246,-117.2837,35015
 Carpinteria, CA,4.525,34.3962,-119.5117,6083
 Carrollton, GA,3.724369748,38.68,-85.1655,13045
 Carson, CA,3.788825215,33.8374,-118.2559,6037
 Carson City, NV,3.657936508,39.1512,-119.7474,32510
 Carterville, IL,3.901492537,37.763,-89.084,17199
 Carthage, TX,4.135897436,37.1503,-94.3225,48365
 Cary, NC,4.3125,42.2128,-88.2491,37183
 Casa Grande, AZ,5,32.907,-111.7624,4021
 Casper, WY,3.628888889,42.8421,-106.3208,56025
 Cedar City, UT,3.806153846,37.6835,-113.0957,49021
 Cedar Falls, IA,3.611494253,42.5195,-92.4534,19013
 Cedar Hill, TX,3.861111111,32.5809,-96.9592,48113
 Cedar Park, TX,3.65,30.5105,-97.8198,48491
 Cedar Rapids, IA,3.796745562,41.9667,-91.6782,19113
 Celina, OH,3.642105263,40.5551,-84.5629,39107
 Centennial, CO,3.261538462,39.5926,-104.8674,8005
 Centerville, IA,4.35,40.9284,-111.8848,19007
 Centerville, OH,3.9,40.9284,-111.8848,39113
 Central, SC,3.99,34.7234,-82.7789,45077
 Centralia, IL,4.203125,38.5223,-89.1233,17121
 Centralia, WA,4.049122807,38.5223,-89.1233,53041
 Centreville, MI,3.75,38.5798,-90.1039,26149
 Cerritos, CA,3.514285714,33.8677,-118.0686,6037
 Chadron, NE,3.621153846,42.826,-103.0024,31045
 Chambersburg, PA,3.761403509,39.9315,-77.6556,42055
 Champaign, IL,3.822568093,40.1144,-88.2735,17019
 Chandler, AZ,3.79379845,33.2827,-111.8516,4013
 Chanute, KS,3.66875,37.6697,-95.4619,20133
 Chapel Hill, NC,3.843582704,35.9269,-79.039,37135
 Charles Town, WV,3.672489083,39.2746,-77.8632,54037
 Charleston, IL,3.676081425,32.8137,-79.9643,17029
 Charleston, SC,3.755480444,32.8137,-79.9643,45019
 Charleston, WV,3.662,32.8137,-79.9643,54039
 Charlotte, NC,3.694528094,42.5662,-84.8304,37119
 Charlottesville, VA,3.81373365,38.0375,-78.4855,51540
 Chattanooga, TN,3.792566372,35.0657,-85.2488,47065
 Cheney, WA,3.604801325,47.4902,-117.5789,53063
 Cheraw, SC,4.02,34.6962,-79.9029,45025
 Chesapeake, VA,3.854347826,36.6778,-76.3024,51550
 Chester, PA,3.55310559,34.705,-81.2132,42045
 Chester, VA,3.8,34.705,-81.2132,51041
 Chesterfield, MO,3.964285714,38.6588,-90.5805,29189
 Chestertown, MD,3.89929078,39.2195,-76.071,24029
 Cheyenne, WY,3.774509804,41.1406,-104.7926,56021
 Chicago, IL,3.755294118,41.8373,-87.6861,17031
 Chicago Heights, IL,3.828455285,41.5101,-87.6347,17031
 Chickasha, OK,4.119354839,35.041,-97.9472,40051
 Chico, CA,3.70047619,39.7574,-121.815,6007
 Chicopee, MA,3.7984375,42.1764,-72.5719,25013
 Chillicothe, OH,3.933333333,39.7953,-93.5498,39141
 Chula Vista, CA,3.932229796,32.6281,-117.0145,6073
 Cicero, IL,3.830188679,41.8445,-87.7593,17031
 Cincinnati, OH,3.693106704,39.1412,-84.5059,39061
 Circleville, OH,3.712,39.6062,-82.9334,39129
 Claremont, CA,3.886724566,34.1259,-117.7153,6037
 Claremont, NH,4.875,34.1259,-117.7153,33019
 Claremore, OK,3.744512195,36.3144,-95.61,40131
 Clarion, PA,3.600611621,41.2106,-79.3803,42031
 Clarksdale, MS,3.575,34.1971,-90.5729,28027
 Clarkston, GA,3.8125,33.8117,-84.2405,13089
 Clarksville, AR,4.035,38.3223,-85.7673,5071
 Clarksville, TN,3.861294964,38.3223,-85.7673,47125
 Clawson, MI,4.5,42.5367,-83.1504,26125
 Clayton, NC,5,38.6444,-90.3303,37101
 Clearfield, PA,4,41.103,-112.0237,42033
 Clearfield, UT,5,41.103,-112.0237,49011
 Clearwater, FL,4.026923077,27.9786,-82.7622,12103
 Cleburne, TX,3.75,32.3562,-97.4146,48251
 Clemson, SC,3.674827109,34.6838,-82.8124,45077
 Clermont, FL,3.786363636,28.5403,-81.7296,12069
 Cleveland, GA,4.087804878,33.744,-90.7285,13311
 Cleveland, MS,3.744897959,33.744,-90.7285,28011
 Cleveland, OH,3.711423626,33.744,-90.7285,39035
 Cleveland, TN,3.971171171,33.744,-90.7285,47011
 Cleveland, WI,4.16875,33.744,-90.7285,55071
 Clifton, NJ,4.49,33.0249,-109.2883,34031
 Clinton, IA,3.372222222,34.4774,-81.864,19045
 Clinton, MS,3.731538462,34.4774,-81.864,28049
 Clinton, NC,4.313333333,34.4774,-81.864,37163
 Clinton, NY,3.757075472,34.4774,-81.864,36065
 Clinton, SC,3.71954023,34.4774,-81.864,45059
 Cloquet, MN,3.41,46.7221,-92.4923,27017
 Clovis, NM,4.105263158,36.8278,-119.6841,35009
 Clyde, NC,4.303125,41.3046,-82.9782,37087
 Coalinga, CA,4.155172414,36.1432,-120.3266,6019
 Cobleskill, NY,3.761038961,42.6787,-74.486,36095
 Cocoa, FL,3.83,28.3821,-80.7675,12009
 Coconut Creek, FL,3.914285714,26.2803,-80.1842,12011
 Coffeyville, KS,4.183333333,37.052,-95.6178,20125
 Colby, KS,4.354545455,39.3842,-101.0461,20193
 College Park, MD,3.660232945,38.9962,-76.9337,24033
 College Place, WA,3.482051282,46.0431,-118.3869,53071
 College Station, TX,3.741509434,30.5852,-96.296,48041
 Collegedale, TN,3.746491228,35.0521,-85.0488,47065
 Collegeville, PA,3.8,40.1873,-75.4581,42091
 Colorado Springs, CO,3.769957806,38.8674,-104.7606,8041
 Columbia, KY,3.731428571,37.1036,-85.3074,21001
 Columbia, MD,3.791038697,37.1036,-85.3074,24027
 Columbia, MO,3.716712899,37.1036,-85.3074,29019
 Columbia, SC,3.778718817,37.1036,-85.3074,45079
 Columbia, TN,3.709714286,37.1036,-85.3074,47119
 Columbus, GA,3.747611465,33.5088,-88.4097,13215
 Columbus, IN,3.595833333,33.5088,-88.4097,18005
 Columbus, MS,4.042105263,33.5088,-88.4097,28087
 Columbus, NE,3.41875,33.5088,-88.4097,31141
 Columbus, OH,3.774782905,33.5088,-88.4097,39049
 Commerce, TX,3.706236559,34.2129,-83.4729,48231
 Compton, CA,3.910679612,33.893,-118.2275,6037
 Concord, CA,4.04,37.9722,-122.0016,6013
 Concord, NC,3.958823529,37.9722,-122.0016,37025
 Concord, NH,2.961904762,37.9722,-122.0016,33013
 Concordia, KS,3.8,39.5669,-97.6466,20029
 Conway, AR,3.837802198,33.8404,-79.0419,5045
 Conway, SC,3.815484805,33.8404,-79.0419,45051
 Cookeville, TN,3.707971014,36.1484,-85.5114,47141
 Coolidge, AZ,4.10625,32.9398,-111.526,4021
 Coon Rapids, MN,3.834123223,45.1755,-93.3094,27003
 Coos Bay, OR,3.88245614,43.3789,-124.233,41011
 Coral Gables, FL,3.743780291,25.7037,-80.2715,12086
 Corbin, KY,2.85,36.932,-84.1003,21235
 Corinth, TX,3.819512195,34.9474,-88.5143,48121
 Corning, NY,3.998295455,39.9282,-122.182,36101
 Corpus Christi, TX,3.781161972,27.7173,-97.3822,48355
 Corsicana, TX,3.983333333,32.0821,-96.468,48349
 Cortland, NY,3.686443381,41.3319,-80.7192,36023
 Corvallis, OR,3.589876761,44.5697,-123.278,41003
 Costa Mesa, CA,3.842905122,33.6667,-117.9135,6059
 Cottleville, MO,3.756343284,38.7511,-90.6587,29183
 Council Bluffs, IA,3.769642857,41.2369,-95.8517,19155
 Covington, GA,3.8,39.0334,-84.5166,13217
 Covington, KY,3.897142857,39.0334,-84.5166,21117
 Covington, LA,5,39.0334,-84.5166,22103
 Craig, CO,4.5,40.517,-107.5558,8081
 Crawfordsville, IN,3.775,40.0433,-86.8961,18107
 Cresson, PA,4.035416667,40.4626,-78.5866,42021
 Creston, IA,3.8125,41.0597,-94.365,19175
 Crete, NE,3.747826087,41.4397,-87.6231,31151
 Creve Coeur, MO,3.35,38.6621,-90.443,29189
 Crookston, MN,3.418421053,47.7747,-96.6062,27119
 Crossville, TN,3.941666667,35.9526,-85.0294,47035
 Crown Point, IN,4.275,41.414,-87.3455,18089
 Crystal Lake, IL,3.82751938,42.2334,-88.3352,17111
 Culpeper, VA,3.75,38.4705,-78.0001,51047
 Culver City, CA,3.707349081,34.0058,-118.3968,6037
 Cumberland, KY,4.4,39.6515,-78.7585,21095
 Cumberland, MD,4.029545455,39.6515,-78.7585,24001
 Cumming, GA,3.830434783,34.2066,-84.1337,13117
 Cupertino, CA,3.772793449,37.3168,-122.0465,6085
 Cutler Bay, FL,3,25.5765,-80.3357,12086
 Cypress, CA,3.909537167,33.8171,-118.0386,6059
 Dahlonega, GA,3.728229665,34.5302,-83.9796,13187
 Dallas, NC,3.995070423,44.922,-123.3137,37071
 Dallas, PA,3.77125,44.922,-123.3137,42079
 Dallas, TX,3.825976175,44.922,-123.3137,48113
 Dalton, GA,3.88195122,34.7689,-84.9711,13313
 Danbury, CT,3.703435805,41.4016,-73.471,9001
 Danville, IL,3.741463415,37.642,-84.7769,17183
 Danville, KY,3.7515625,37.642,-84.7769,21021
 Danville, VA,3.989247312,37.642,-84.7769,51590
 Daphne, AL,4.55,30.6291,-87.8872,1003
 Davenport, IA,3.894385965,41.5563,-90.6052,19163
 Davidson, NC,3.860406091,35.4862,-80.8271,37119
 Davie, FL,3.680416667,26.079,-80.287,12011
 Davis, CA,3.696333462,38.5552,-121.7365,6113
 Dayton, OH,3.742865948,39.1127,-84.4639,39113
 Dayton, TN,3.903703704,39.1127,-84.4639,47143
 Daytona Beach, FL,3.880576021,29.1995,-81.0982,12127
 De Pere, WI,3.850793651,44.4313,-88.0793,55009
 De Queen, AR,3.588888889,34.0426,-94.342,5133
 DeKalb, IL,3.700437227,41.9312,-88.7483,17037
 DeLand, FL,3.912195122,29.0226,-81.2875,12127
 Dearborn, MI,3.732614057,42.3127,-83.2129,26163
 Decatur, AL,3.835483871,40.8301,-84.9281,1103
 Decatur, GA,3.700565291,40.8301,-84.9281,13089
 Decatur, IL,3.892814371,40.8301,-84.9281,17115
 Decatur, MS,3.682352941,40.8301,-84.9281,28101
 Decorah, IA,3.889473684,43.3016,-91.7845,19191
 Deerfield, IL,4.083333333,42.1653,-87.8515,17097
 Defiance, OH,4.064285714,41.281,-84.366,39039
 Del Rio, TX,4.685714286,29.3706,-100.8798,48465
 Delaware, OH,3.813294798,40.2866,-83.0747,39041
 Delhi, NY,3.729268293,28.67,77.23,36025
 Demopolis, AL,3.8,32.498,-87.8298,1091
 Denison, TX,3.947945205,42.016,-95.3528,48181
 Denton, TX,3.715673575,33.2176,-97.1421,48121
 Denver, CO,3.655899198,39.7621,-104.8759,8031
 Des Moines, IA,3.716699029,41.5725,-93.6104,19153
 Des Moines, WA,3.743269231,41.5725,-93.6104,53033
 Des Plaines, IL,3.687524366,42.0344,-87.9008,17031
 Detroit, MI,3.727442002,42.3834,-83.1024,26163
 Detroit Lakes, MN,3.15,46.806,-95.845,27005
 Diamond Bar, CA,3.74,33.9992,-117.8161,6037
 Dickinson, ND,3.529032258,46.8918,-102.7925,38089
 Dillon, MT,3.783333333,34.423,-79.369,30001
 Dixon, IL,3.725531915,41.8437,-89.4786,17103
 Dobbs Ferry, NY,3.7609375,41.0127,-73.8698,36119
 Dodge City, KS,3.895454545,37.761,-100.0182,20057
 Dothan, AL,4.016363636,31.2336,-85.4068,1069
 Douglas, AZ,4.163636364,31.3602,-109.5394,4003
 Douglas, GA,3.773214286,31.3602,-109.5394,13069
 Douglasville, GA,3.884615385,33.7384,-84.7074,13097
 Dover, DE,3.827639752,40.5302,-81.4805,10001
 Dover, NH,4.144444444,40.5302,-81.4805,33017
 Dover, NJ,5,40.5302,-81.4805,34027
 Dowagiac, MI,4.003658537,41.9834,-86.1126,26027
 Downers Grove, IL,3.980952381,41.7949,-88.017,17043
 Downingtown, PA,3.8575,40.0076,-75.7019,42029
 Doylestown, PA,3.738461538,40.314,-75.128,42017
 Draper, UT,5,40.4956,-111.8607,49035
 Dryden, NY,3.911309524,49.7833,-92.8333,36109
 Dublin, GA,3,40.1111,-83.1452,13175
 Dublin, NC,4.316666667,40.1111,-83.1452,37017
 Dublin, VA,3.751898734,40.1111,-83.1452,51155
 Dubuque, IA,3.740375587,42.5007,-90.7067,19061
 Duluth, MN,3.598096633,46.7757,-92.1392,27137
 Dunbar, WI,4.466666667,38.3688,-81.7345,55075
 Dunedin, FL,3.281818182,28.0328,-82.7866,12103
 Dunkirk, NY,4.292307692,42.4803,-79.3323,36013
 Dunmore, PA,3.535714286,41.4153,-75.6072,42069
 Dunwoody, GA,3.854166667,33.9418,-84.3122,13089
 Durango, CO,3.83919598,37.2744,-107.8701,8067
 Durant, OK,3.824369748,33.9957,-96.3938,40013
 Durham, NC,3.797301038,35.9797,-78.9037,37063
 Dyersburg, TN,3.939726027,36.0465,-89.3778,47045
 Eagan, MN,4.146666667,44.817,-93.1638,27037
 Eagle Pass, TX,3.94,28.7118,-100.4832,48323
 East Grand Forks, MN,3.775,47.9284,-97.0138,27119
 East Lansing, MI,3.607609756,42.748,-84.4835,26065
 East Liverpool, OH,4.3,40.6333,-80.5677,39029
 East Peoria, IL,3.754774775,40.6739,-89.5421,17179
 East Stroudsburg, PA,3.713405797,41.0023,-75.1779,42089
 Easton, PA,3.834375,38.776,-76.0702,42095
 Eau Claire, WI,3.589502019,44.8203,-91.4951,55035
 Eden Prairie, MN,3.621276596,44.8488,-93.4595,27053
 Edgewater, MD,4.7,39.7508,-105.0627,24003
 Edinboro, PA,3.701914894,41.8762,-80.1246,42049
 Edinburg, TX,3.333333333,26.319,-98.1607,48215
 Edmond, OK,3.844788732,35.6689,-97.4159,40109
 Edwardsville, IL,3.667922236,38.7924,-89.9876,17119
 El Cajon, CA,3.824528302,32.8017,-116.9604,6073
 El Dorado, AR,4.985714286,37.8208,-96.8614,5139
 El Monte, CA,5,34.074,-118.0291,6037
 El Paso, TX,3.852,31.8479,-106.4309,48141
 El Reno, OK,4.127083333,35.543,-97.966,40017
 Elgin, IL,3.875977654,42.0385,-88.3229,17089
 Elizabeth, NJ,3.942982456,40.6657,-74.1912,34039
 Elizabeth City, NC,4.008333333,36.2943,-76.236,37139
 Elizabethtown, KY,3.711926606,37.703,-85.8772,21093
 Elizabethtown, PA,3.595215311,37.703,-85.8772,42071
 Elk Grove, CA,3.26875,38.416,-121.384,6067
 Elkhorn, WI,4.185714286,42.6711,-88.5377,55127
 Elkins, WV,3.8,38.9237,-79.8541,54083
 Elko, NV,3.90754717,40.8387,-115.7674,32007
 Ellensburg, WA,3.694425087,46.9994,-120.547,53037
 Ellisville, MS,3.937333333,38.5895,-90.5883,28067
 Elmhurst, IL,3.665151515,41.8973,-87.9432,17043
 Elmira, NY,3.777477477,42.0938,-76.8097,36015
 Elon, NC,3.683042789,36.101,-79.5081,37001
 Elyria, OH,3.738259109,41.3761,-82.1063,39093
 Emeryville, CA,4.6,37.8382,-122.2932,6001
 Emmitsburg, MD,3.742465753,39.7051,-77.3216,24021
 Emporia, KS,3.658706468,38.4028,-96.1924,20111
 Encinitas, CA,4.225,33.0492,-117.2613,6073
 Englewood Cliffs, NJ,4.4625,40.8822,-73.9466,34003
 Enid, OK,4.025925926,36.4061,-97.8701,40047
 Enterprise, AL,4.194736842,31.3276,-85.8459,1031
 Enumclaw, WA,4,47.2017,-121.9897,53033
 Ephraim, UT,3.97,39.3577,-111.5819,49039
 Erie, PA,3.578215768,40.041,-105.0393,42049
 Escanaba, MI,3.832467532,45.7477,-87.09,26041
 Escondido, CA,4.4,33.1347,-117.0722,6073
 Estherville, IA,4.122222222,43.3998,-94.8343,19063
 Eufaula, AL,4.385714286,31.9102,-85.1505,1005
 Eugene, OR,3.705230386,44.0563,-123.1173,41039
 Eunice, LA,3.775949367,30.4904,-92.4191,22097
 Eureka, CA,3.821634615,38.5013,-90.6491,6023
 Eureka, IL,3.485897436,38.5013,-90.6491,17203
 Evanston, IL,3.905381166,42.0463,-87.6942,17031
 Evansville, IN,3.684004024,37.9882,-87.5339,18163
 Everett, WA,3.780932203,42.4064,-71.0545,53061
 Fairbanks, AK,3.880851064,64.8353,-147.6533,2090
 Fairburn, GA,3,33.5497,-84.5914,13121
 Fairfax, VA,3.746736842,37.9884,-122.595,51600
 Fairfield, AL,4.186666667,39.3301,-84.5405,1073
 Fairfield, CA,3.916120907,39.3301,-84.5405,6095
 Fairfield, IA,4.330769231,39.3301,-84.5405,19101
 Fairfield, IL,5,39.3301,-84.5405,17191
 Fairhope, AL,5,30.5221,-87.8817,1003
 Fairmont, WV,3.714772727,43.6441,-94.4621,54049
 Fall River, MA,3.83615257,41.7136,-71.1015,25005
 Fallon, NV,3.7,39.4739,-118.778,32001
 Falls Church, VA,3.948717949,38.8847,-77.1751,51610
 Fargo, ND,3.60510397,46.8653,-96.8292,38017
 Farmingdale, NY,3.720787402,40.7328,-73.4465,36059
 Farmington, NM,4.034042553,42.4614,-83.3784,35045
 Farmington Hills, MI,3.736334405,42.486,-83.3771,26125
 Farmville, VA,3.608285714,37.2968,-78.3993,51147
 Fayetteville, AR,3.772004816,33.45,-84.4708,5143
 Fayetteville, GA,5,33.45,-84.4708,13113
 Fayetteville, NC,3.79616307,33.45,-84.4708,37051
 Fayetteville, TN,5,33.45,-84.4708,47103
 Federal Way, WA,3.509375,47.309,-122.3359,53033
 Fenton, MO,3.983333333,42.7994,-83.7144,29189
 Fergus Falls, MN,3.576666667,46.2854,-96.0759,27111
 Findlay, OH,3.781273408,41.0467,-83.6379,39063
 Fitchburg, MA,3.650180505,42.5912,-71.8156,25027
 Fitzgerald, GA,4.5,31.7135,-83.2515,13017
 Flagstaff, AZ,3.667878193,35.1872,-111.6195,4005
 Flat Rock, NC,3.635416667,42.0991,-83.2716,37089
 Flint, MI,3.662130937,43.0236,-83.6922,26049
 Florence, AL,3.789750693,43.9912,-124.1061,1077
 Florence, KY,4.366666667,43.9912,-124.1061,21015
 Florence, MS,4.3,43.9912,-124.1061,28121
 Florence, SC,3.824708625,43.9912,-124.1061,45041
 Florissant, MO,4.4,38.7996,-90.3269,29189
 Flower Mound, TX,4.144444444,33.0344,-97.1147,48121
 Folsom, CA,3.829391892,38.6669,-121.1422,6067
 Fond du Lac, WI,3.827941176,43.772,-88.4396,55039
 Forest City, IA,4.111111111,35.3339,-81.8702,19189
 Forest Grove, OR,4.008421053,45.5245,-123.1102,41067
 Forrest City, AR,3.835294118,35.0102,-90.7874,5123
 Fort Collins, CO,3.709351753,40.5479,-105.0658,8069
 Fort Dodge, IA,3.842857143,42.5098,-94.1751,19187
 Fort Lauderdale, FL,3.79856425,26.1412,-80.1464,12011
 Fort Mitchell, KY,4.46,39.0459,-84.5563,21117
 Fort Morgan, CO,3.5,40.2549,-103.7913,8087
 Fort Myers, FL,3.824518389,26.6195,-81.8302,12071
 Fort Pierce, FL,3.794363257,27.4256,-80.3425,12111
 Fort Scott, KS,3.716666667,37.8283,-94.7038,20011
 Fort Smith, AR,3.768300654,35.3494,-94.3695,5131
 Fort Valley, GA,3.514285714,32.5521,-83.8819,13225
 Fort Walton Beach, FL,3.866666667,30.4245,-86.6193,12091
 Fort Wayne, IN,4.035329341,41.0885,-85.1436,18003
 Fort Worth, TX,3.806453782,32.7814,-97.3473,48439
 Fountain Valley, CA,4.666666667,33.7105,-117.9514,6059
 Frankfort, KY,3.027777778,38.1924,-84.8644,21073
 Franklin, IN,3.608888889,36.7163,-86.5587,18081
 Franklin, TN,3.96,36.7163,-86.5587,47187
 Franklin, VA,3.683333333,36.7163,-86.5587,51620
 Frederick, MD,3.697192225,39.4335,-77.4157,24021
 Fredericksburg, VA,3.764417178,30.2671,-98.8757,51630
 Fredonia, NY,3.720665083,42.4407,-79.3319,36013
 Freeport, IL,3.523076923,42.2895,-89.6354,17177
 Fremont, CA,3.838115632,41.3533,-83.1146,6001
 Fremont, NE,3.633333333,41.3533,-83.1146,31053
 Fremont, OH,3.557692308,41.3533,-83.1146,39143
 Fresno, CA,3.843520887,36.7834,-119.7941,6019
 Frisco, TX,3.903076923,33.1553,-96.8218,48085
 Front Royal, VA,4.085714286,38.926,-78.1838,51187
 Frostburg, MD,3.710693642,39.6506,-78.9269,24001
 Fullerton, CA,3.775563305,33.8841,-117.9279,6059
 Fulton, MO,3.926086957,38.8551,-91.951,29027
 Fulton, MS,4.148780488,38.8551,-91.951,28057
 Gadsden, AL,4.111666667,34.009,-86.0156,1055
 Gaffney, SC,3.96097561,35.0742,-81.6558,45021
 Gainesville, FL,3.78997675,34.2901,-83.8301,12001
 Gainesville, GA,3.899,34.2901,-83.8301,13139
 Gainesville, TX,3.689189189,34.2901,-83.8301,48097
 Galesburg, IL,3.943925234,40.9506,-90.3763,17095
 Gallatin, TN,3.817948718,36.3783,-86.4696,47165
 Gallup, NM,3.6,35.5178,-108.7474,35031
 Galveston, TX,3.749032258,29.2487,-94.891,48167
 Garden City, KS,3.983333333,37.9755,-100.8529,20055
 Garden City, NY,3.765830116,37.9755,-100.8529,36059
 Garden Grove, CA,3.692708333,33.7787,-117.9601,6059
 Gardena, CA,3.233333333,33.8944,-118.3073,6037
 Gardner, MA,3.83961039,38.8162,-94.93,25027
 Garland, TX,3.867647059,32.91,-96.6305,48113
 Gary, IN,3.757727273,41.5906,-87.3472,18089
 Gautier, MS,3.712698413,30.4106,-88.6568,28059
 Geneseo, NY,3.539323467,41.4508,-90.154,36051
 Geneva, NY,3.7,41.8007,-80.9461,36069
 Georgetown, DE,3.872727273,38.2253,-84.5481,10005
 Georgetown, KY,3.93655914,38.2253,-84.5481,21209
 Georgetown, SC,4.046428571,38.2253,-84.5481,45043
 Georgetown, TX,3.911188811,38.2253,-84.5481,48491
 Germantown, MD,3.695061728,39.6324,-84.3645,24031
 Gettysburg, PA,3.697878788,39.8304,-77.2339,42001
 Gillette, WY,3.8,44.2779,-105.5004,56005
 Gilroy, CA,4.033333333,37.0047,-121.5843,6085
 Glassboro, NJ,3.670864382,39.7014,-75.1113,34015
 Glen Cove, NY,3.75,40.8709,-73.6287,36059
 Glen Ellyn, IL,3.814926527,41.8669,-88.063,17043
 Glendale, AZ,3.762193362,38.5935,-90.3826,4013
 Glendale, CA,3.853325817,38.5935,-90.3826,6037
 Glendive, MT,3.964705882,47.1102,-104.707,30021
 Glendora, CA,3.900948767,34.1449,-117.8468,6037
 Glenwood Springs, CO,3.970588235,39.5459,-107.3348,8045
 Godfrey, IL,4.08,38.9581,-90.2156,17119
 Golden, CO,3.580898876,39.7406,-105.2122,8059
 Goldsboro, NC,3.982894737,35.3777,-77.972,37191
 Gonzales, LA,4.5,36.506,-121.443,22005
 Goodlettsville, TN,4.433333333,36.3323,-86.7032,47037
 Goshen, IN,4.026666667,41.5741,-85.8304,18039
 Graham, NC,3.908139535,36.0597,-79.3899,37001
 Grambling, LA,3.680357143,32.5275,-92.7124,22061
 Grand Forks, ND,3.522864322,47.9223,-97.0887,38035
 Grand Island, NE,4.48,40.9214,-98.3584,31079
 Grand Junction, CO,3.698461538,39.0878,-108.5673,8077
 Grand Prairie, TX,5,32.6869,-97.0209,48113
 Grand Rapids, MI,3.748901099,42.9615,-85.6557,26081
 Grand Rapids, MN,3.897674419,42.9615,-85.6557,27061
 Granite City, IL,3.797560976,38.7296,-90.1263,17119
 Grants, NM,5,35.1538,-107.8335,35006
 Grants Pass, OR,3.881034483,42.4333,-123.3317,41033
 Granville, OH,3.701181102,40.0646,-82.5022,39089
 Grass Valley, CA,4.027272727,39.2237,-121.0521,6057
 Grayslake, IL,3.842931034,42.3405,-88.0339,17097
 Grayson, KY,3.382758621,38.3317,-82.9371,21043
 Great Bend, KS,3.788888889,38.3593,-98.8015,20009
 Great Falls, MT,3.981818182,47.5022,-111.2995,30013
 Greeley, CO,3.767005076,40.415,-104.7696,8123
 Green Bay, WI,3.720209974,44.515,-87.9896,55009
 Greencastle, IN,3.860836502,39.6431,-86.8419,18133
 Greeneville, TN,3.715555556,36.168,-82.8197,47059
 Greenfield, WI,5,39.3535,-83.3884,55079
 Greensboro, NC,3.7163387,36.0956,-79.8269,37081
 Greensburg, PA,3.702692308,39.3514,-85.5024,42129
 Greenville, IL,3.888461538,34.8363,-82.365,17005
 Greenville, NC,3.804650113,34.8363,-82.365,37147
 Greenville, PA,3.74875,34.8363,-82.365,42085
 Greenville, SC,3.86653883,34.8363,-82.365,45045
 Greenwood, SC,3.716,34.1944,-82.1543,45047
 Gresham, OR,3.81254902,45.5023,-122.4414,41051
 Griffin, GA,3.951428571,33.2418,-84.2747,13255
 Grinnell, IA,3.819354839,41.7373,-92.7244,19157
 Groton, CT,3.854166667,41.339,-72.0727,9011
 Grove City, PA,3.74973545,39.866,-83.0692,42085
 Gulfport, FL,3.7,30.4271,-89.0703,12103
 Gulfport, MS,3.931132075,30.4271,-89.0703,28047
 Gunnison, CO,3.934883721,38.5455,-106.9226,8051
 Gurnee, IL,3.784090909,42.3708,-87.9392,17097
 Hackettstown, NJ,3.777419355,40.854,-74.8257,34041
 Hagerstown, MD,3.960992908,39.6401,-77.7217,24043
 Hamburg, NY,3.958730159,42.7233,-78.8348,36029
 Hamilton, AL,3.544444444,46.2527,-114.1598,1093
 Hamilton, NY,3.814503817,46.2527,-114.1598,36053
 Hamilton, OH,3.798930481,46.2527,-114.1598,39017
 Hamilton, VA,4,46.2527,-114.1598,51107
 Hamlet, NC,4.214285714,34.889,-79.7098,37153
 Hammond, IN,3.771180556,41.617,-87.4908,18089
 Hammond, LA,3.814400922,41.617,-87.4908,22105
 Hampton, VA,3.752361396,33.3836,-84.2855,51650
 Hanford, CA,3.833333333,36.326,-119.654,6031
 Hannibal, MO,3.355555556,39.7097,-91.3936,29127
 Hanover, IN,3.803125,39.8117,-76.9835,18077
 Harlingen, TX,3.685245902,26.1917,-97.6977,48061
 Harriman, TN,4.01875,35.9306,-84.5603,47145
 Harrisburg, IL,3.848571429,37.7373,-88.5457,17165
 Harrisburg, PA,3.567741935,37.7373,-88.5457,42043
 Harrison, AR,3.854545455,39.2571,-84.7882,5009
 Harrison, MI,3.86835443,39.2571,-84.7882,26035
 Harrisonburg, VA,3.790478842,38.4362,-78.8735,51660
 Hartford, CT,3.74017094,43.621,-96.9424,9003
 Hartsville, SC,3.888888889,34.3679,-80.0829,45031
 Hastings, NE,3.858139535,42.6498,-85.2886,31001
 Hattiesburg, MS,3.860341556,31.3072,-89.3168,28035
 Haverhill, MA,4.077591973,42.7838,-71.0871,25009
 Havre, MT,3.93125,48.5428,-109.6805,30041
 Hays, KS,3.481545064,38.8814,-99.3217,20051
 Hayward, CA,3.786125212,37.6328,-122.0772,6001
 Hayward, WI,4.8,37.6328,-122.0772,55113
 Hazard, KY,3.7375,37.2583,-83.1977,21193
 Hazelwood, MO,5,38.7932,-90.3901,29189
 Hazleton, PA,3.782524272,40.9504,-75.9724,42079
 Heber Springs, AR,4.29047619,35.5003,-92.0332,5023
 Helena, MT,3.778125,46.5964,-112.0197,30049
 Helena-West Helena, AR,4.7625,34.5313,-90.62,5107
 Hempstead, NY,3.654686399,40.7043,-73.6193,36059
 Henderson, KY,3.951851852,37.8405,-87.5788,21101
 Henderson, NC,3.872972973,37.8405,-87.5788,37181
 Henderson, NV,3.682051282,37.8405,-87.5788,32003
 Henderson, TN,3.844117647,37.8405,-87.5788,47023
 Herkimer, NY,4.063716814,43.0282,-74.9928,36043
 Hialeah, FL,4.294,25.8696,-80.3045,12086
 Hibbing, MN,4,47.3981,-92.9487,27137
 Hickory, NC,3.719029851,35.7427,-81.3233,37035
 High Point, NC,3.731174089,35.9902,-79.9938,37081
 Highland, KS,3.611764706,40.4275,-111.7956,20043
 Highland Heights, KY,3.726605505,39.0354,-84.4567,21037
 Hillsboro, KS,3.071428571,45.5271,-122.9358,20115
 Hillsboro, MO,3.895238095,45.5271,-122.9358,29099
 Hillsboro, OH,3.778181818,45.5271,-122.9358,39071
 Hillsboro, OR,3.833333333,45.5271,-122.9358,41067
 Hillsboro, TX,3.946153846,45.5271,-122.9358,48217
 Hillsdale, MI,3.859230769,41.9266,-84.6356,26059
 Hinesville, GA,3,31.8247,-81.6135,13179
 Hobbs, NM,4.195238095,32.7282,-103.16,35025
 Hoboken, NJ,3.526041667,40.7453,-74.0279,34017
 Hoffman Estates, IL,3.62987013,42.0638,-88.1463,17031
 Holland, MI,3.867638484,42.7677,-86.0984,26139
 Hollywood, FL,3.83,32.7523,-80.2107,12011
 Holyoke, MA,3.798571429,42.2126,-72.6411,25013
 Homer, AK,5,59.653,-151.5255,2122
 Honolulu, HI,3.814223983,21.3294,-157.846,15003
 Hope, AR,3.35,33.6682,-93.5895,5057
 Hopkinsville, KY,3.9671875,36.8381,-87.4777,21047
 Hot Springs, AR,4,34.4902,-93.0498,5051
 Houghton, MI,3.463265306,47.1123,-88.5679,26061
 Houghton, NY,4.003,47.1123,-88.5679,36003
 Houston, TX,3.753022745,29.7868,-95.3905,48201
 Howell, MI,3.788461538,42.6078,-83.9339,26093
 Huber Heights, OH,5,39.8595,-84.113,39113
 Hudson, NC,3.875757576,41.2399,-81.4408,37027
 Hudson, NY,4.038297872,41.2399,-81.4408,36021
 Huntersville, NC,4.216666667,35.4057,-80.873,37119
 Huntingdon, PA,3.853684211,40.5,-78.0098,42061
 Huntington, IN,4.008108108,40.882,-85.5054,18069
 Huntington, WV,3.839489954,40.882,-85.5054,54011
 Huntington Beach, CA,3.832418525,33.696,-118.0025,6059
 Huntsville, AL,3.745849802,34.6989,-86.6414,1089
 Huntsville, TN,2.5,34.6989,-86.6414,47151
 Huntsville, TX,3.755934066,34.6989,-86.6414,48471
 Huron, OH,3.883333333,44.3622,-98.2102,39043
 Hurst, TX,2.35,32.8353,-97.1808,48439
 Hutchinson, KS,3.88,38.0671,-97.9081,20155
 Hutchinson, MN,3.883333333,38.0671,-97.9081,27085
 Idaho Falls, ID,3.52,43.4868,-112.0363,16019
 Imperial, CA,4.012017167,32.8375,-115.5719,6025
 Independence, KS,3.842105263,44.8551,-123.1948,20125
 Independence, MO,3.743529412,44.8551,-123.1948,29095
 Independence, OH,4.06,44.8551,-123.1948,39035
 Indiana, PA,3.693100097,40.6219,-79.1552,42063
 Indianapolis, IN,3.686235955,39.7771,-86.1458,18097
 Indianola, IA,3.714772727,33.4492,-90.6447,19181
 Inglewood, CA,3.892307692,33.9566,-118.3444,6037
 International Falls, MN,4.1,48.5884,-93.4083,27071
 Inver Grove Heights, MN,3.72513369,44.8247,-93.0596,27037
 Iola, KS,3.825842697,37.9273,-95.4006,20001
 Iowa City, IA,3.685521886,41.6559,-91.5304,19103
 Ironton, OH,4.036666667,38.5319,-82.6777,39087
 Ironwood, MI,3.944444444,46.4522,-90.1505,26053
 Irvine, CA,3.747487521,33.6772,-117.7738,6059
 Irving, TX,3.815559157,32.8584,-96.9702,48113
 Issaquah, WA,4.48,47.5421,-122.0445,53033
 Ithaca, NY,3.748794643,42.4442,-76.5032,36109
 Jackson, MI,3.795475113,32.3163,-90.2124,26075
 Jackson, MS,3.690502793,32.3163,-90.2124,28049
 Jackson, OH,2.5,32.3163,-90.2124,39079
 Jackson, TN,3.896341463,32.3163,-90.2124,47113
 Jacksonville, AL,3.851983299,39.7292,-90.232,1015
 Jacksonville, FL,3.799019918,39.7292,-90.232,12031
 Jacksonville, IL,3.721698113,39.7292,-90.232,17137
 Jacksonville, NC,3.995054945,39.7292,-90.232,37133
 Jacksonville, TX,4.9,39.7292,-90.232,48073
 Jamestown, NC,3.850988142,42.0975,-79.2366,37081
 Jamestown, ND,3.854545455,42.0975,-79.2366,38093
 Jamestown, NY,3.965979381,42.0975,-79.2366,36013
 Janesville, WI,3.656060606,42.6855,-89.0136,55105
 Jasper, AL,4.511538462,38.3936,-86.9405,1127
 Jasper, IN,3.855555556,38.3936,-86.9405,18037
 Jefferson City, MO,3.903278689,38.5677,-92.1757,29051
 Jefferson City, TN,3.995145631,38.5677,-92.1757,47089
 Jeffersonville, IN,3.9,38.3377,-85.7026,18019
 Jersey City, NJ,3.825935596,40.7161,-74.0682,34017
 Johns Creek, GA,4.3,34.0333,-84.2027,13121
 Johnson City, NY,4.8,42.123,-75.9624,36007
 Johnson City, TN,3.745106862,42.123,-75.9624,47179
 Johnstown, NY,3.903773585,40.3499,-104.9479,36035
 Johnstown, PA,3.820731707,40.3499,-104.9479,42021
 Joliet, IL,3.784546805,41.5193,-88.1501,17197
 Jonesboro, AR,3.803343465,35.8212,-90.6795,5031
 Joplin, MO,3.842608696,37.0766,-94.5016,29097
 Juneau, AK,3.89,58.444,-134.1515,2110
 Jupiter, FL,4.02,26.9199,-80.1127,12099
 Kalamazoo, MI,3.722850925,42.2749,-85.5881,26077
 Kalispell, MT,3.921875,48.2155,-114.3262,30029
 Kankakee, IL,3.583333333,41.102,-87.8643,17091
 Kansas City, KS,3.94028777,39.1234,-94.7443,20209
 Kansas City, MO,3.70240616,39.1234,-94.7443,29095
 Kaysville, UT,4.257142857,41.029,-111.9456,49011
 Kearney, NE,3.556428571,39.3547,-94.3589,31019
 Keene, NH,3.683804627,32.3955,-97.3226,33005
 Keene, TX,3.946808511,32.3955,-97.3226,48251
 Kenmore, WA,3.570588235,42.9646,-78.8713,53033
 Kennesaw, GA,3.723192149,34.0262,-84.6177,13067
 Kenosha, WI,3.796992481,42.5863,-87.8759,55059
 Kent, OH,3.685116557,41.149,-81.361,39133
 Keokuk, IA,4.375,40.4096,-91.4031,19111
 Kerrville, TX,3.719117647,30.0399,-99.1319,48265
 Ketchikan, AK,3.75,55.3556,-131.6698,2130
 Kettering, OH,3.763157895,39.6957,-84.1496,39113
 Kewanee, IL,3.576923077,41.2399,-89.9259,17073
 Key West, FL,4.15,24.5636,-81.7769,12087
 Keyser, WV,3.885714286,39.4394,-78.9822,54057
 Kilgore, TX,3.973451327,32.3979,-94.8603,48183
 Killeen, TX,3.874474474,31.0754,-97.7293,48027
 Kingman, AZ,3.24,35.217,-114.0105,4015
 Kings Point, NY,3.37,40.8162,-73.7408,36059
 Kingston, RI,3.658077544,41.2652,-75.8875,44009
 Kingstree, SC,3.475,33.6664,-79.8292,45089
 Kingsville, TX,3.879411765,27.5095,-97.861,48273
 Kinston, NC,4.00754717,35.2748,-77.5937,37107
 Kirkland, WA,3.8576,47.6997,-122.2041,53033
 Kirksville, MO,3.753177258,40.1986,-92.5753,29001
 Kirtland, OH,3.845098039,41.5969,-81.3406,39085
 Kissimmee, FL,3.826751592,28.3042,-81.4164,12097
 Klamath Falls, OR,3.691772152,42.2192,-121.7755,41035
 Knoxville, TN,3.751837441,41.3188,-93.1024,47093
 Kokomo, IN,3.821568627,40.464,-86.1277,18067
 Kutztown, PA,3.724117647,40.5212,-75.7773,42011
 Kyle, SD,4.2,29.9938,-97.8859,46102
 Kyle, TX,3,29.9938,-97.8859,48209
 La Crosse, WI,3.686715328,43.8241,-91.2268,55063
 La Grande, OR,3.653153153,45.3243,-118.0865,41061
 La Junta, CO,3.333333333,37.9797,-103.5473,8089
 La Mesa, CA,4.05,32.7703,-117.0204,6073
 La Mirada, CA,3.879537954,33.9025,-118.0093,6037
 La Plata, MD,3.724264706,38.5352,-76.9701,24017
 La Verne, CA,3.70228013,34.1208,-117.7702,6037
 Lacey, WA,3.893548387,47.045,-122.7931,53067
 Lackawanna, NY,3.8,42.8182,-78.8324,36029
 Laconia, NH,3.666666667,43.5724,-71.4775,33001
 Lafayette, IN,3.714705882,40.3991,-86.8594,18157
 Lafayette, LA,3.808384819,40.3991,-86.8594,22055
 Laguna Beach, CA,3.946153846,33.5449,-117.7613,6059
 Laguna Hills, CA,4.5,33.592,-117.6992,6059
 Lake Charles, LA,3.79017341,30.203,-93.215,22019
 Lake City, FL,3.902061856,33.8676,-79.7533,12023
 Lake Forest, IL,3.773643411,42.238,-87.8596,17097
 Lake Havasu City, AZ,3.361538462,34.5006,-114.3115,4015
 Lake Jackson, TX,3.933802817,29.0516,-95.4522,48039
 Lake Mary, FL,4.3625,28.7591,-81.336,12117
 Lake Wales, FL,3.797674419,27.9193,-81.5969,12105
 Lake Worth, FL,3.825244913,26.6194,-80.059,12099
 Lakeland, FL,3.831088083,35.2586,-89.7307,12105
 Lakewood, CO,3.831132075,41.4824,-81.8008,8059
 Lakewood, OH,4.83,41.4824,-81.8008,39035
 Lakewood, WA,3.736654804,41.4824,-81.8008,53053
 Lamar, CO,4.6,38.0739,-102.6155,8099
 Lancaster, CA,3.976661515,34.7247,-80.7802,6037
 Lancaster, OH,3.717105263,34.7247,-80.7802,39045
 Lancaster, PA,3.830289532,34.7247,-80.7802,42071
 Lancaster, SC,4.008163265,34.7247,-80.7802,45057
 Lancaster, TX,4.03490566,34.7247,-80.7802,48113
 Lansing, MI,3.726451613,39.2427,-94.8952,26065
 Lapeer, MI,4.8,43.0448,-83.3255,26087
 Laramie, WY,3.699722222,41.3099,-105.6086,56001
 Laredo, TX,4.003690037,27.5616,-99.487,48479
 Largo, FL,4.5,27.9088,-82.7713,12103
 Largo, MD,3.814211886,27.9088,-82.7713,24033
 Las Cruces, NM,3.778328173,32.3265,-106.7893,35013
 Las Vegas, NM,3.907317073,36.2291,-115.2607,35047
 Las Vegas, NV,3.825329513,36.2291,-115.2607,32003
 Lathrop, CA,3.3,37.8163,-121.3127,6077
 Latrobe, PA,3.554347826,40.3125,-79.3825,42129
 Lauderdale Lakes, FL,4.409090909,26.1683,-80.2017,12011
 Laurel, MD,3.671052632,31.6956,-89.1448,24033
 Laurinburg, NC,4.173913043,34.7596,-79.4781,37165
 Lawrence, KS,3.692288401,38.9597,-95.2641,20045
 Lawrence, MA,4.5,38.9597,-95.2641,25009
 Lawrenceburg, IN,5,38.0332,-84.9032,18029
 Lawrenceville, GA,3.802094241,33.9524,-83.993,13135
 Lawrenceville, NJ,3.67755102,33.9524,-83.993,34021
 Lawrenceville, VA,3.3,33.9524,-83.993,51025
 Lawton, OK,3.841880342,34.6171,-98.4204,40031
 Leadville, CO,4.175,39.2467,-106.2935,8065
 Leavenworth, KS,3.983333333,39.3233,-94.9244,20103
 Leawood, KS,4.15,38.9076,-94.6258,20091
 Lebanon, IL,3.773913043,44.5314,-122.9075,17163
 Lebanon, MO,3.452173913,44.5314,-122.9075,29105
 Lebanon, NH,3.5,44.5314,-122.9075,33009
 Lebanon, TN,3.787272727,44.5314,-122.9075,47189
 Leesburg, FL,3.849462366,28.7674,-81.8981,12069
 Lehi, UT,5,40.4137,-111.8728,49049
 Lemoore, CA,3.896666667,36.296,-119.7983,6031
 Lenexa, KS,2.725,38.9609,-94.8018,20091
 Levelland, TX,3.863114754,33.5806,-102.3636,48219
 Lewisburg, PA,3.815027322,40.9642,-76.8901,42119
 Lewisburg, TN,4.5,40.9642,-76.8901,47117
 Lewisburg, WV,3.65,40.9642,-76.8901,54025
 Lewiston, ID,3.890277778,44.0915,-70.1681,16069
 Lewiston, ME,3.820657277,44.0915,-70.1681,23001
 Lexington, KY,3.744137225,38.0423,-84.4587,21067
 Lexington, NC,3.935185185,38.0423,-84.4587,37057
 Lexington, VA,3.85,38.0423,-84.4587,51678
 Liberal, KS,3.85,37.0466,-100.9295,20175
 Liberty, MO,3.583333333,39.2394,-94.4191,29047
 Lilburn, GA,5,33.8887,-84.1379,13135
 Lima, NY,3,40.7409,-84.1121,36051
 Lima, OH,3.873529412,40.7409,-84.1121,39003
 Lincoln, IL,4.043859649,40.1507,-89.372,17107
 Lincoln, NE,3.605687204,40.1507,-89.372,31109
 Lisle, IL,3.700425532,41.7922,-88.0883,17043
 Little Rock, AR,3.847671233,34.7255,-92.3581,5119
 Littleton, CO,3.750228311,39.5911,-105.0194,8005
 Livermore, CA,3.778116343,37.6861,-121.7608,6001
 Liverpool, NY,4.116666667,53.416,-2.918,36067
 Livingston, AL,3.828070175,45.6667,-110.5538,1119
 Livonia, MI,3.652798054,42.3972,-83.3733,26163
 Lock Haven, PA,3.741311475,41.1365,-77.4521,42035
 Lodi, NJ,3.727419355,38.1218,-121.2932,34003
 Logan, UT,3.68961039,41.7402,-111.8419,49005
 Logan, WV,3.975757576,41.7402,-111.8419,54045
 Loma Linda, CA,3.732857143,34.0448,-117.2503,6071
 Lombard, IL,3.638461538,41.874,-88.0158,17043
 Lompoc, CA,5,34.6618,-120.4714,6083
 Long Beach, CA,3.818176886,30.3608,-89.165,6037
 Long Beach, MS,3.519230769,30.3608,-89.165,28047
 Longview, TX,3.652991453,32.5192,-94.7622,48183
 Longview, WA,3.74789916,32.5192,-94.7622,53015
 Lorain, OH,4.5,41.4409,-82.184,39093
 Los Altos Hills, CA,3.80137457,37.3672,-122.1391,6085
 Los Angeles, CA,3.773520622,34.1139,-118.4068,6037
 Los Banos, CA,3.526666667,37.0631,-120.8405,6047
 Los Lunas, NM,3.956666667,34.8114,-106.7808,35061
 Louisville, KY,3.754201102,38.1662,-85.6488,21111
 Lowell, MA,3.636874451,42.9351,-85.3457,25017
 Lower Burrell, PA,4.171428571,40.5818,-79.7141,42129
 Lubbock, TX,3.703386454,33.5643,-101.8871,48303
 Lufkin, TX,3.890659341,31.3217,-94.7277,48005
 Lumberton, NC,4.081818182,34.6309,-79.0182,37155
 Lynchburg, VA,3.779162875,37.4003,-79.1908,51680
 Lynn, MA,3.583333333,42.4779,-70.9663,25009
 Lynnwood, WA,3.721727019,47.8285,-122.3034,53061
 Macomb, IL,3.68045292,40.4721,-90.6818,17109
 Madera, CA,3.872881356,36.964,-120.0803,6039
 Madison, FL,4.065517241,44.0062,-97.1084,12079
 Madison, IN,4.010526316,44.0062,-97.1084,18077
 Madison, NJ,3.784333333,44.0062,-97.1084,34027
 Madison, SD,3.362162162,44.0062,-97.1084,46079
 Madison, WI,3.741202229,44.0062,-97.1084,55025
 Madisonville, KY,4.036363636,37.341,-87.5033,21107
 Madisonville, TN,4.06,37.341,-87.5033,47123
 Magnolia, AR,4.146774194,33.2774,-93.2261,5027
 Maitland, FL,4,28.6293,-81.3716,12095
 Malibu, CA,3.724961948,34.0368,-118.7845,6037
 Malvern, AR,3.338461538,34.3689,-92.8187,5059
 Malvern, PA,3.560344828,34.3689,-92.8187,42029
 Manassas, VA,3.797368421,38.7479,-77.4839,51683
 Manchester, NH,3.672932331,37.1464,-83.7635,33011
 Manhattan, KS,3.640635641,39.1882,-96.6053,20161
 Manhattan, NY,3.750877193,39.1882,-96.6053,36061
 Manitowoc, WI,3.925,44.0991,-87.6811,55071
 Mankato, MN,3.9575,44.1712,-93.9773,27013
 Mansfield, OH,3.772580645,40.7656,-82.5275,39139
 Mansfield, PA,3.652688172,40.7656,-82.5275,42117
 Manteo, NC,3.875,35.9013,-75.6611,37055
 Marianna, FL,4.034146341,30.7907,-85.23,12063
 Marietta, GA,3.732679739,39.4241,-81.4465,13067
 Marietta, OH,3.740384615,39.4241,-81.4465,39167
 Marina, CA,4.6,36.6812,-121.7894,6053
 Marinette, WI,4.029411765,45.0873,-87.6324,55075
 Marion, AL,3.488235294,34.1787,-79.3965,1105
 Marion, IN,3.73919598,34.1787,-79.3965,18053
 Marion, NC,4.023076923,34.1787,-79.3965,37111
 Marion, OH,4.068571429,34.1787,-79.3965,39101
 Marion, VA,5,34.1787,-79.3965,51173
 Marquette, MI,3.720616883,46.544,-87.4082,26103
 Marshall, MN,3.675151515,42.2617,-84.9598,27083
 Marshall, MO,4.023333333,42.2617,-84.9598,29195
 Marshall, TX,3.843396226,42.2617,-84.9598,48203
 Marshalltown, IA,3.88,42.0341,-92.9067,19127
 Marshfield, WI,3.959090909,37.3414,-92.9116,55141
 Martin, TN,3.777935223,36.3385,-88.8513,47183
 Martinsburg, WV,3.747058824,39.4582,-77.9776,54003
 Martinsville, VA,3.842105263,39.4227,-86.4208,51690
 Marysville, CA,3.877900552,42.9083,-82.4806,6115
 Maryville, MO,3.600273224,40.3429,-94.8709,29147
 Maryville, TN,3.702727273,40.3429,-94.8709,47009
 Mason City, IA,3.83,43.1487,-93.1998,19033
 Matteson, IL,3.2625,41.5095,-87.7468,17031
 Matthews, NC,3.709638554,35.1195,-80.7101,37119
 Mattoon, IL,3.766842105,39.4774,-88.3623,17029
 Mayfield, KY,3.033333333,36.7361,-88.6448,21083
 Maysville, KY,3.568181818,38.6454,-83.7911,21161
 McAllen, TX,4.132170543,26.2325,-98.2467,48215
 McDonough, GA,4.48,33.4398,-84.1508,13151
 McKeesport, PA,3.753658537,40.3419,-79.8439,42003
 McKenzie, TN,4.017142857,36.1371,-88.5076,47017
 McKinney, TX,3.792449355,33.2016,-96.6669,48085
 McMinnville, OR,3.887179487,45.211,-123.1918,41071
 McMinnville, TN,3.528571429,45.211,-123.1918,47177
 McPherson, KS,4.444444444,38.3714,-97.6606,20113
 Meadville, PA,3.717,41.6476,-80.1467,42039
 Mechanicsburg, PA,3.730630631,40.2115,-77.006,42041
 Medford, MA,3.794598155,42.3372,-122.8537,25017
 Medford, OR,3.978787879,42.3372,-122.8537,41029
 Media, PA,3.845547445,39.9198,-75.3888,42045
 Melbourne, AR,4.275,28.1084,-80.6628,5065
 Melbourne, FL,3.80248062,28.1084,-80.6628,12009
 Melville, NY,4.082758621,50.9333,-102.8,36103
 Memphis, TN,3.809323017,35.1047,-89.9773,47157
 Mena, AR,4.31875,34.581,-94.2374,5113
 Menasha, WI,3.715555556,44.2125,-88.4271,55139
 Mendota Heights, MN,3.435714286,44.8815,-93.14,27037
 Menomonee Falls, WI,5,43.1487,-88.1227,55133
 Mequon, WI,3.748598131,43.2352,-87.9838,55089
 Merced, CA,3.877829099,37.3058,-120.4778,6047
 Meridian, ID,5,32.3846,-88.6897,16001
 Meridian, MS,4.116666667,32.3846,-88.6897,28075
 Merrillville, IN,4.268421053,41.4728,-87.3197,18089
 Mesa, AZ,3.762992126,33.4017,-111.7181,4013
 Mesquite, TX,3.901801802,36.8035,-114.1325,48113
 Mexia, TX,4,31.6809,-96.4833,48293
 Mexico, MO,4.5,39.1626,-91.8711,29007
 Miami, FL,3.860344828,36.8877,-94.8718,12086
 Miami, OK,4.08,36.8877,-94.8718,40115
 Miami Beach, FL,4.47,25.8171,-80.1396,12086
 Miami Gardens, FL,3.702173913,25.9433,-80.2425,12086
 Miami Shores, FL,3.867036011,25.867,-80.1779,12086
 Michigan City, IN,4.75,41.7098,-86.8705,18091
 Middlesex, NJ,4.082352941,40.5744,-74.5011,34023
 Middletown, CT,3.860598504,38.241,-85.5216,9007
 Middletown, NY,3.785635359,38.241,-85.5216,36071
 Middletown, OH,3.863414634,38.241,-85.5216,39017
 Middletown, PA,3.563141026,38.241,-85.5216,42043
 Middletown, VA,3.886111111,38.241,-85.5216,51069
 Midland, MI,3.84244186,43.6239,-84.2315,26111
 Midland, TX,3.737777778,43.6239,-84.2315,48329
 Midlothian, TX,5,41.6254,-87.7243,48139
 Midway, KY,3.988,40.5183,-111.4753,21239
 Midwest City, OK,3.722992701,35.463,-97.371,40109
 Miles City, MT,3.55,46.4059,-105.8385,30017
 Milford, NE,2.614285714,42.587,-83.6012,31159
 Mill Valley, CA,3,37.9085,-122.542,6041
 Milledgeville, GA,3.76350365,33.0874,-83.2414,13009
 Millersville, PA,3.657267951,40.0047,-76.3522,42071
 Milpitas, CA,4.266666667,37.4338,-121.8921,6085
 Milwaukee, WI,3.716563467,43.064,-87.9669,55079
 Minden, LA,3.95,32.6187,-93.2762,22119
 Minneapolis, MN,3.673839556,44.9635,-93.2678,27053
 Minnetonka, MN,4.2,44.9332,-93.4617,27053
 Minot, ND,3.685576923,48.2374,-101.278,38101
 Miramar, FL,4.25,25.9773,-80.3358,12011
 Mishawaka, IN,3.761818182,41.6734,-86.1668,18141
 Mission, SD,4.75,39.027,-94.6568,46121
 Mission Viejo, CA,3.92978959,33.6095,-117.6551,6059
 Missoula, MT,3.752173913,46.8685,-114.0094,30063
 Mitchell, SD,3.773333333,43.7294,-98.0336,46035
 Moberly, MO,3.368181818,39.4185,-92.4364,29175
 Mobile, AL,3.806760563,30.6783,-88.1162,1097
 Modesto, CA,3.904784689,37.6374,-121.0028,6099
 Moline, IL,3.792346939,41.482,-90.4919,17161
 Monaca, PA,3.959016393,40.6833,-80.2736,42007
 Moncks Corner, SC,4.65,33.1715,-80.0122,45015
 Monmouth, IL,4.157377049,44.8505,-123.2283,17187
 Monmouth, OR,3.734384858,44.8505,-123.2283,41053
 Monroe, LA,3.838305085,41.9154,-83.3849,22073
 Monroe, MI,3.719125683,41.9154,-83.3849,26115
 Monroeville, AL,4.628571429,40.4262,-79.7605,1099
 Monroeville, PA,4.136842105,40.4262,-79.7605,42003
 Monterey, CA,3.883591331,36.5922,-121.8807,6053
 Monterey Park, CA,3.863553531,34.0497,-118.1325,6037
 Montevallo, AL,3.835507246,33.1254,-86.848,1117
 Montgomery, AL,3.78185654,39.2494,-84.3457,1101
 Montgomery, WV,3.618446602,39.2494,-84.3457,54039
 Monticello, AR,3.736764706,36.8404,-84.8506,5043
 Montpelier, VT,4.267567568,44.2658,-72.5717,50023
 Moore, OK,4.05,35.3294,-97.4758,40027
 Moorhead, MN,3.676363636,46.8674,-96.746,27027
 Moorhead, MS,4,46.8674,-96.746,28133
 Moorpark, CA,3.780508475,34.2855,-118.877,6111
 Moraga, CA,3.841025641,37.8438,-122.1225,6013
 Morehead, KY,3.784571429,38.1906,-83.4466,21205
 Morehead City, NC,4.536363636,34.7307,-76.7383,37031
 Moreno Valley, CA,3.962585034,33.9244,-117.2045,6065
 Morganton, NC,3.8,35.7407,-81.7002,37023
 Morgantown, WV,3.795789474,39.638,-79.9468,54061
 Morrilton, AR,3.906818182,35.1559,-92.7392,5029
 Morris, MN,3.755555556,45.5856,-95.9047,27149
 Morristown, NJ,3.754716981,36.2043,-83.3001,34027
 Morristown, TN,3.855263158,36.2043,-83.3001,47063
 Morrisville, NC,4,40.2074,-74.7797,37183
 Morrisville, NY,3.665289256,40.2074,-74.7797,36053
 Morrow, GA,3.623529412,33.5816,-84.3391,13063
 Moscow, ID,3.743037975,46.7307,-116.9986,16057
 Moses Lake, WA,4,47.1285,-119.2741,53025
 Moultrie, GA,4.333333333,31.1592,-83.7708,13071
 Mount Olive, NC,3.777272727,35.1997,-78.0663,37191
 Mount Pleasant, MI,3.665458422,32.8533,-79.8269,26073
 Mount Pleasant, TX,4.184782609,32.8533,-79.8269,48449
 Mount Prospect, IL,3.55,42.0653,-87.937,17031
 Mount Vernon, GA,3.714705882,40.3854,-82.4732,13209
 Mount Vernon, IA,3.892,40.3854,-82.4732,19113
 Mount Vernon, NY,3.345454545,40.3854,-82.4732,36119
 Mount Vernon, WA,3.865957447,40.3854,-82.4732,53057
 Mountain Home, AR,3.966666667,43.1324,-115.697,5005
 Muncie, IN,3.669554455,40.1989,-85.395,18035
 Murfreesboro, NC,3.920454545,35.8493,-86.4098,37091
 Murfreesboro, TN,3.7667107,35.8493,-86.4098,47149
 Murphy, NC,3.469230769,33.0186,-96.6105,37039
 Murray, KY,3.69044586,36.6145,-88.3206,21035
 Murray, UT,4.525,36.6145,-88.3206,49035
 Murrieta, CA,4.8,33.5719,-117.1909,6065
 Muscatine, IA,3.907142857,41.4195,-91.068,19139
 Muscle Shoals, AL,3.796721311,34.7436,-87.6344,1033
 Muskegon, MI,3.778092784,43.2281,-86.2562,26121
 Muskogee, OK,3.65,35.743,-95.3566,40101
 Myrtle Beach, SC,3.483333333,33.7096,-78.8843,45051
 Nacogdoches, TX,3.845024876,31.6135,-94.6528,48347
 Nampa, ID,3.811940299,43.5843,-116.5626,16027
 Nanticoke, PA,3.919101124,41.2004,-76.0003,42079
 Napa, CA,3.883193277,38.2977,-122.3011,6055
 Naperville, IL,3.782568807,41.7483,-88.1657,17043
 Naples, FL,3.895652174,26.1504,-81.7936,12021
 Nashua, NH,3.761202186,42.7491,-71.491,33011
 Nashville, TN,3.797734761,36.1714,-86.7844,47037
 Natchitoches, LA,3.813128492,31.7317,-93.0979,22069
 National City, CA,3.911764706,32.6654,-117.0983,6073
 Nelsonville, OH,3.967857143,39.456,-82.2218,39009
 Neosho, MO,3.927083333,36.844,-94.3756,29145
 Nevada, MO,3.911764706,37.8445,-94.3492,29217
 New Albany, IN,3.697087379,34.4909,-89.0201,18043
 New Bern, NC,3.927631579,35.0955,-77.0724,37049
 New Britain, CT,3.674319419,41.6758,-72.7862,9003
 New Brunswick, NJ,3.683941158,40.487,-74.445,34023
 New Castle, DE,3.728532609,39.919,-85.3697,10003
 New Castle, PA,3.866666667,39.919,-85.3697,42073
 New Haven, CT,3.746338462,41.3112,-72.9245,9009
 New Iberia, LA,3,30.0049,-91.8202,22045
 New London, CT,3.827906977,41.3502,-72.1023,9011
 New Orleans, LA,3.802925244,30.0687,-89.9288,22071
 New Paltz, NY,3.7472661,41.7495,-74.0809,36111
 New Philadelphia, OH,3.73,40.486,-81.4402,39157
 New Port Richey, FL,3.750310559,28.2468,-82.717,12101
 New Richmond, WI,4.014285714,45.1226,-92.5338,55109
 New Rochelle, NY,3.703442623,40.9305,-73.7836,36119
 New Ulm, MN,3.724324324,44.312,-94.468,27015
 New York, NY,3.730487949,40.6943,-73.9249,36061
 Newark, DE,3.704428571,40.0705,-82.425,10003
 Newark, NJ,3.65846519,40.0705,-82.425,34013
 Newark, OH,3.837037037,40.0705,-82.425,39089
 Newberg, OR,3.885185185,45.3071,-122.9598,41071
 Newberry, SC,3.725641026,34.2822,-81.6012,45071
 Newburgh, IN,3.74,41.5037,-74.0205,18173
 Newburgh, NY,3.657641921,41.5037,-74.0205,36071
 Newnan, GA,3.7125,33.3763,-84.7758,13077
 Newport, AR,4.0875,44.6231,-124.0524,5067
 Newport, KY,3.5,44.6231,-124.0524,21037
 Newport, OR,4.166666667,44.6231,-124.0524,41041
 Newport, RI,3.701724138,44.6231,-124.0524,44005
 Newport Beach, CA,5,33.6151,-117.8669,6059
 Newport News, VA,3.672851562,37.1051,-76.5185,51700
 Newton, IA,3.766666667,38.0364,-97.3463,19099
 Newton, MA,3.593,38.0364,-97.3463,25017
 Newton, NJ,3.827011494,38.0364,-97.3463,34037
 Niceville, FL,3.889423077,30.5291,-86.4754,12091
 Niles, MI,4.38,41.8346,-86.2473,26021
 Niles, OH,4.75,41.8346,-86.2473,39155
 Noblesville, IN,5,40.0353,-86.006,18057
 Norco, CA,3.879369628,33.9253,-117.55,6065
 Norcross, GA,3.96,33.9378,-84.2065,13135
 Norfolk, NE,3.907692308,42.035,-97.4208,31119
 Norfolk, VA,3.746717412,42.035,-97.4208,51710
 Normal, IL,3.652622275,40.522,-88.9877,17113
 Norman, OK,3.748169839,35.2335,-97.3471,40027
 Norristown, PA,4.875,40.1224,-75.3399,42091
 North Adams, MA,3.778378378,42.6844,-73.1166,25003
 North Canton, OH,3.89245283,40.8743,-81.3971,39151
 North Chicago, IL,3.58,42.3172,-87.8596,17097
 North East, MD,4.131313131,42.2134,-79.8333,24015
 North Little Rock, AR,3.905107527,34.7814,-92.2378,5119
 North Manchester, IN,3.809375,41.0044,-85.775,18169
 North Mankato, MN,3.958333333,44.1811,-94.038,27103
 North Miami, FL,4.146428571,25.9006,-80.1681,12086
 North Miami Beach, FL,5,25.9302,-80.1659,12086
 North Platte, NE,3.636363636,41.1266,-100.764,31111
 Northampton, MA,3.916589862,42.3266,-72.6745,25015
 Northfield, MN,3.865277778,44.455,-93.1698,27131
 Norwalk, CA,3.987662338,41.2443,-82.6088,6037
 Norwalk, CT,3.776495726,41.2443,-82.6088,9001
 Norwich, CT,3.841269841,41.5495,-72.0882,9011
 Norwood, OH,4.9,39.1604,-84.4535,39061
 Novato, CA,5,38.092,-122.5576,6041
 Novi, MI,4.347368421,42.4786,-83.4893,26125
 Nyack, NY,4.1,41.0919,-73.9143,36087
 Oak Ridge, TN,3.891044776,35.9639,-84.2938,47001
 Oakdale, NY,3.831728045,44.9876,-92.9641,36103
 Oakdale, PA,3.840740741,44.9876,-92.9641,42003
 Oakland, CA,3.736260163,37.7903,-122.2165,6001
 Oakwood, GA,3.776994434,39.7202,-84.1733,13139
 Oberlin, OH,3.853030303,41.2857,-82.2197,39093
 Ocala, FL,3.852471483,29.1803,-82.1495,12083
 Oceanside, CA,3.906451613,33.2247,-117.3083,6073
 Odessa, TX,3.819402985,38.9988,-93.9665,48135
 Ogden, UT,3.84222488,41.228,-111.9677,49057
 Oklahoma City, OK,3.79869281,35.4676,-97.5136,40109
 Okmulgee, OK,3.826829268,35.6137,-96.0068,40111
 Olathe, KS,3.711904762,38.8838,-94.8196,20091
 Olean, NY,4.266666667,42.0819,-78.4321,36009
 Olney, IL,4.3875,38.7286,-88.0841,17159
 Olympia, WA,3.756352459,47.0418,-122.8959,53067
 Omaha, NE,3.739459865,41.2628,-96.0495,31055
 Oneonta, NY,3.704660453,33.9392,-86.4929,36077
 Ontario, CA,4.072727273,44.0259,-116.976,6071
 Ontario, OR,4.265217391,44.0259,-116.976,41045
 Opelika, AL,3.92816092,32.6621,-85.3772,1081
 Orange, CA,3.722571942,33.8038,-117.8219,6059
 Orange, TX,3.896551724,33.8038,-117.8219,48361
 Orange Beach, AL,3.814285714,30.2941,-87.5851,1003
 Orange City, IA,3.847619048,43.0021,-96.0567,19167
 Orange Park, FL,3.809565217,30.1706,-81.704,12019
 Orangeburg, NY,4.064444444,33.4928,-80.8671,36087
 Orangeburg, SC,3.98173913,33.4928,-80.8671,45075
 Oregon City, OR,3.921518987,45.3418,-122.5938,41005
 Orem, UT,3.839754601,40.2983,-111.6993,49049
 Orland Park, IL,4.121428571,41.6075,-87.8619,17031
 Orlando, FL,3.762157119,28.4788,-81.342,12095
 Oroville, CA,3.858979206,39.4999,-121.5634,6007
 Orrville, OH,3.791954023,40.8482,-81.7747,39169
 Oshkosh, WI,3.607954545,44.0228,-88.5616,55139
 Oskaloosa, IA,3.927272727,41.2922,-92.6403,19123
 Oswego, NY,3.650824176,41.6834,-88.3372,36075
 Ottawa, KS,3.519444444,38.6,-95.2642,20059
 Ottumwa, IA,3.835714286,41.0196,-92.4186,19179
 Overland Park, KS,3.807479862,38.887,-94.687,20091
 Oviedo, FL,3.67734375,28.6579,-81.187,12117
 Owatonna, MN,4.6,44.0914,-93.2304,27147
 Owensboro, KY,3.878832117,37.7575,-87.1172,21059
 Owosso, MI,4.003614458,42.9954,-84.1759,26155
 Oxford, GA,3.855882353,34.3609,-89.5286,13217
 Oxford, MS,3.647922438,34.3609,-89.5286,28071
 Oxford, OH,3.672156085,34.3609,-89.5286,39017
 Oxnard, CA,4.026,34.1962,-119.1819,6111
 Ozark, AR,4.253333333,37.0361,-93.2154,5047
 Paducah, KY,3.683838384,37.0711,-88.6436,21145
 Painesville, OH,3.978378378,41.724,-81.2536,39085
 Palatine, IL,3.819279907,42.1181,-88.043,17031
 Palatka, FL,3.86,29.6493,-81.6704,12107
 Palestine, TX,3.78,31.7544,-95.6471,48001
 Palm Bay, FL,3.758490566,27.9861,-80.6628,12009
 Palm Desert, CA,3.973051948,33.7378,-116.3695,6065
 Palmdale, CA,4.290909091,34.5944,-118.1057,6037
 Palmer, AK,3.646511628,61.5971,-149.1147,2170
 Palo Alto, CA,3.463636364,37.3913,-122.1467,6085
 Palos Heights, IL,3.868656716,41.6637,-87.7959,17031
 Palos Hills, IL,3.827440633,41.6986,-87.8266,17031
 Panama City, FL,3.787307692,30.1997,-85.6003,12005
 Papillion, NE,4.7,41.1545,-96.0584,31153
 Paragould, AR,4.411111111,36.056,-90.5147,5055
 Paramus, NJ,3.766695652,40.9455,-74.0712,34003
 Paris, TX,4.233333333,38.2015,-84.2717,48277
 Park Hills, MO,3.841025641,37.8211,-90.505,29187
 Parkersburg, WV,3.956756757,39.2623,-81.5419,54107
 Parkville, MO,3.7475,39.2004,-94.7222,29165
 Parma, OH,3.288888889,41.3842,-81.7286,39035
 Parsons, KS,3.76,37.3405,-95.2959,20099
 Pasadena, CA,3.886911596,34.1598,-118.139,6037
 Pasadena, TX,3.84200627,34.1598,-118.139,48201
 Pasco, WA,3.861016949,46.2503,-119.1298,53021
 Patchogue, NY,3.710460251,40.7621,-73.0185,36103
 Paterson, NJ,3.899662162,40.9147,-74.1624,34031
 Pearl, MS,4.266666667,32.273,-90.0918,28121
 Pearland, TX,5,29.5585,-95.3215,48039
 Peekskill, NY,3.5,41.2883,-73.9227,36119
 Pella, IA,3.577777778,41.4051,-92.9177,19125
 Pembroke, NC,3.68579235,34.6766,-79.1934,37155
 Pembroke Pines, FL,4.96,26.0128,-80.3387,12011
 Pendleton, OR,4.140909091,45.6747,-118.8172,41059
 Pendleton, SC,3.672815534,45.6747,-118.8172,45007
 Pensacola, FL,3.782451923,30.4427,-87.1886,12033
 Peoria, IL,3.72997076,33.7844,-112.2989,17143
 Pepper Pike, OH,3.858536585,41.4801,-81.4619,39035
 Peru, NE,3.686666667,40.7585,-86.0715,31127
 Petersburg, VA,3.801298701,37.2043,-77.3913,51730
 Petoskey, MI,3.898888889,45.3649,-84.9887,26047
 Pewaukee, WI,3.703703704,43.0854,-88.2525,55133
 Phenix City, AL,3.933333333,32.4587,-85.0251,1113
 Philadelphia, PA,3.698704043,32.7761,-89.1221,42101
 Phoenix, AZ,3.609929604,33.5722,-112.0891,4013
 Phoenixville, PA,3.869565217,40.1358,-75.5201,42029
 Pikeville, KY,4.18,37.4808,-82.5261,21195
 Pine Bluff, AR,4.014893617,34.2116,-92.0178,5069
 Pinehurst, NC,4.218055556,35.1922,-79.4682,37125
 Pinellas Park, FL,5,27.8588,-82.7076,12103
 Pineville, KY,4.32,35.0864,-80.8915,21013
 Pineville, LA,3.806666667,35.0864,-80.8915,22079
 Piqua, OH,3.595774648,40.1504,-84.2439,39109
 Pittsburg, CA,3.979276316,37.4129,-94.6987,6013
 Pittsburg, KS,3.631791908,37.4129,-94.6987,20037
 Pittsburgh, PA,3.714575605,40.4396,-79.9763,42003
 Pittsfield, MA,3.947482014,42.4517,-73.2605,25003
 Placerville, CA,3.4,38.7309,-120.7979,6017
 Plainfield, NJ,3.961764706,39.6957,-86.3706,34039
 Plainview, TX,4.079166667,34.1909,-101.7234,48189
 Plano, TX,3.918181818,41.6757,-88.5294,48085
 Platteville, WI,3.558913043,42.7279,-90.4676,55043
 Plattsburgh, NY,3.664285714,44.6951,-73.4563,36019
 Pleasant Hill, CA,3.805497076,38.8061,-94.2655,6013
 Pleasanton, CA,4.8,37.6664,-121.8805,6001
 Plymouth, MI,4,42.3719,-83.468,26163
 Plymouth, MN,4.766666667,42.3719,-83.468,27053
 Pocahontas, AR,3.616666667,36.2639,-90.9699,5121
 Pocatello, ID,3.705656109,42.8716,-112.4656,16005
 Pomona, CA,3.574418605,34.0585,-117.7625,6037
 Poplar Bluff, MO,4.153333333,36.7632,-90.4135,29023
 Port Angeles, WA,3.804444444,48.1142,-123.4565,53009
 Port Arthur, TX,4.173684211,29.8554,-93.9264,48245
 Port Huron, MI,3.827173913,42.9822,-82.4387,26147
 Port Orange, FL,4.006666667,29.1084,-81.0136,12127
 Portales, NM,3.732258065,34.1753,-103.3569,35041
 Porterville, CA,4.075555556,36.0644,-119.0337,6107
 Portland, ME,3.703099511,45.5372,-122.65,23005
 Portland, OR,3.748196089,45.5372,-122.65,41051
 Portsmouth, NH,3.859090909,38.7539,-82.9446,33015
 Portsmouth, OH,3.801809955,38.7539,-82.9446,39145
 Portsmouth, VA,3.898550725,38.7539,-82.9446,51740
 Poteau, OK,4.071428571,35.0431,-94.6356,40079
 Potsdam, NY,3.6604,44.6699,-74.9831,36089
 Pottsville, PA,3.5,40.6798,-76.2092,42107
 Poughkeepsie, NY,3.710638298,41.6949,-73.921,36027
 Powell, WY,3.75,40.1678,-83.0817,56029
 Prairie View, TX,3.687261146,30.085,-95.9897,48473
 Pratt, KS,4.157142857,37.6777,-98.7465,20151
 Prescott, AZ,3.916580311,34.5849,-112.4475,4025
 Prescott Valley, AZ,3.653571429,34.5982,-112.3178,4025
 Presque Isle, ME,3.888679245,46.6868,-67.9874,23003
 Prestonsburg, KY,3.915,37.6795,-82.7641,21071
 Price, UT,3.914285714,39.604,-110.8004,49007
 Princess Anne, MD,3.655238095,38.2053,-75.6969,24039
 Princeton, NJ,3.966527197,37.1068,-87.8853,34021
 Providence, RI,3.751542952,41.8229,-71.4186,44007
 Provo, UT,3.928582771,40.2458,-111.6457,49049
 Pueblo, CO,3.901801802,38.2701,-104.6131,8101
 Pulaski, TN,3.72,35.1934,-87.0353,47055
 Pullman, WA,3.660268231,46.7342,-117.1661,53075
 Punta Gorda, FL,3.677192982,26.8932,-82.0517,12015
 Purcellville, VA,3.856521739,39.1378,-77.711,51107
 Queens, NY,3.723188406,40.7498,-73.7976,36081
 Quincy, CA,3.952941176,42.2516,-71.0183,6063
 Quincy, FL,2.9875,42.2516,-71.0183,12039
 Quincy, IL,3.825301205,42.2516,-71.0183,17001
 Quincy, MA,3.856666667,42.2516,-71.0183,25021
 Racine, WI,3.915,42.7274,-87.8135,55101
 Radford, VA,3.738685209,37.1229,-80.5587,51750
 Rainsville, AL,3.898591549,34.4939,-85.8435,1049
 Raleigh, NC,3.694308561,35.8323,-78.6439,37183
 Ramsey, NJ,4.163636364,45.2617,-93.4494,34003
 Rancho Cordova, CA,4.033333333,38.5739,-121.2521,6067
 Rancho Cucamonga, CA,3.954791155,34.1247,-117.5664,6071
 Rancho Palos Verdes, CA,3.764516129,33.7554,-118.3636,6037
 Rapid City, SD,3.636046512,44.0716,-103.2205,46103
 Ravenna, OH,4.25,41.1613,-81.2421,39133
 Reading, PA,3.76697417,39.2241,-84.4332,42011
 Red Wing, MN,4.266666667,44.5816,-92.6036,27049
 Redding, CA,3.897026022,40.5698,-122.365,6089
 Redlands, CA,3.816872428,34.0512,-117.171,6071
 Redmond, WA,3.670588235,44.2631,-121.1798,53033
 Redwood City, CA,3.819318182,37.5026,-122.2252,6081
 Reedley, CA,3.899324324,36.5983,-119.4473,6019
 Reno, NV,3.714213198,39.5497,-119.8483,32031
 Rensselaer, IN,3.85,40.9381,-87.1683,18073
 Renton, WA,3.5,47.4758,-122.1905,53033
 Rexburg, ID,3.903979592,43.822,-111.7926,16065
 Rhinelander, WI,4.111764706,45.6361,-89.4256,55085
 Rice Lake, WI,3.736666667,45.4864,-91.7447,55005
 Richardson, TX,3.635655254,32.9717,-96.7092,48113
 Richfield, MN,3.725,44.8762,-93.2833,27053
 Richfield, UT,1,44.8762,-93.2833,49041
 Richland, WA,3.725454545,32.2309,-90.1592,53005
 Richlands, VA,3.64,37.0879,-81.808,51185
 Richmond, CA,4.65,37.7241,-84.2928,6013
 Richmond, IN,3.972916667,37.7241,-84.2928,18177
 Richmond, KY,3.717427007,37.7241,-84.2928,21151
 Richmond, TX,3.982278481,37.7241,-84.2928,48157
 Richmond, VA,3.774734231,37.7241,-84.2928,51760
 Ridgecrest, CA,3.807594937,35.6308,-117.6621,6029
 Rio Grande, OH,3.759090909,-32.0495,-52.12,39053
 Rio Rancho, NM,4.633333333,35.2872,-106.6981,35043
 Ripley, TN,1.333333333,35.7449,-89.5358,47097
 Ripon, WI,3.835,37.7415,-121.1309,55039
 River Falls, WI,3.661514196,44.86,-92.6221,55093
 River Forest, IL,3.832926829,41.895,-87.8194,17031
 River Grove, IL,3.881609195,41.9243,-87.8379,17031
 Riverside, CA,3.835332846,39.7836,-84.122,6065
 Riverton, WY,4.122222222,40.5176,-111.9635,56013
 Roanoke, VA,3.891642651,33.0148,-97.2268,51770
 Robinson, IL,4.311111111,39.0089,-87.733,17033
 Rochester, MI,3.63877709,42.6866,-83.1197,26125
 Rochester, MN,3.719767442,42.6866,-83.1197,27109
 Rochester, NH,3.118181818,42.6866,-83.1197,33017
 Rochester, NY,3.660059465,42.6866,-83.1197,36055
 Rochester Hills, MI,3.941176471,42.6645,-83.1563,26125
 Rock Hill, SC,3.754009077,34.9413,-81.025,45091
 Rock Island, IL,3.836725664,41.4699,-90.5827,17161
 Rock Springs, WY,4.316666667,41.595,-109.2237,56037
 Rockford, IL,3.772619048,43.1267,-85.5582,17201
 Rocklin, CA,3.824522613,38.8075,-121.2488,6061
 Rockville, MD,3.739031926,39.0834,-77.1553,24031
 Rockville Centre, NY,3.755773956,40.6643,-73.6383,36059
 Rocky Mount, NC,4.175510204,35.9676,-77.8047,37127
 Rohnert Park, CA,3.70546875,38.348,-122.6964,6097
 Rolla, MO,3.698765432,37.9458,-91.7608,29161
 Rome, GA,3.800318471,34.2662,-85.1862,13115
 Rome, NY,3.59375,34.2662,-85.1862,36065
 Romeoville, IL,3.871814672,41.6317,-88.1,17197
 Roseburg, OR,3.789473684,43.2229,-123.3519,41019
 Rosemount, MN,4.215909091,44.7465,-93.0662,27037
 Roseville, CA,4.3,42.5074,-82.9369,6061
 Roseville, MN,4.2,42.5074,-82.9369,27123
 Roswell, NM,3.715625,34.0391,-84.3513,35005
 Round Rock, TX,3.86,30.5252,-97.6659,48491
 Roxboro, NC,4.013636364,36.3905,-78.9811,37145
 Royal Oak, MI,3.690836653,42.5084,-83.1539,26125
 Russellville, AR,3.885753425,36.8393,-86.895,5115
 Ruston, LA,3.745878694,32.5329,-92.6364,22061
 Rutland, VT,3.753846154,43.6091,-72.9782,50021
 Sacramento, CA,3.841731975,38.5667,-121.4683,6067
 Saginaw, MI,3.707692308,43.4199,-83.9501,26145
 Salem, MA,3.702262443,44.9232,-123.0245,25009
 Salem, MO,4.15,44.9232,-123.0245,29065
 Salem, OH,3.797777778,44.9232,-123.0245,39029
 Salem, OR,3.791655802,44.9232,-123.0245,41047
 Salem, VA,3.84213198,44.9232,-123.0245,51775
 Salem, WV,4.421428571,44.9232,-123.0245,54033
 Salina, KS,3.703174603,38.8137,-97.6143,20169
 Salinas, CA,3.93902439,36.6881,-121.6316,6053
 Salisbury, MD,3.728030303,38.3755,-75.5867,24045
 Salisbury, NC,3.994094488,38.3755,-75.5867,37159
 Salt Lake City, UT,3.743387167,40.7774,-111.9301,49035
 San Angelo, TX,3.820486111,31.4426,-100.4501,48451
 San Antonio, TX,3.81427192,29.4722,-98.5247,48029
 San Bernardino, CA,3.853917663,34.1412,-117.2936,6071
 San Bruno, CA,3.941104294,37.6254,-122.4313,6081
 San Diego, CA,3.736427796,32.8312,-117.1226,6073
 San Dimas, CA,4.213333333,34.1082,-117.809,6037
 San Francisco, CA,3.739575666,37.7562,-122.443,6075
 San Jacinto, CA,3.883029453,33.797,-116.9915,6065
 San Jose, CA,3.755206408,37.3018,-121.8485,6085
 San Leandro, CA,4.633333333,37.7071,-122.1601,6001
 San Luis Obispo, CA,3.761505682,35.2671,-120.6689,6079
 San Marcos, CA,3.828450106,33.1349,-117.1744,6073
 San Marcos, TX,3.750245614,33.1349,-117.1744,48209
 San Mateo, CA,3.742465753,37.5522,-122.3122,6081
 San Pablo, CA,3.894634146,37.9628,-122.3425,6013
 San Rafael, CA,3.618627451,37.9905,-122.5222,6041
 San Ramon, CA,3.721052632,37.7625,-121.9365,6013
 Sandersville, GA,5,32.9827,-82.8093,13303
 Sandusky, OH,5,41.4437,-82.7149,39043
 Sanford, FL,3.743083573,43.4244,-70.7573,12117
 Sanford, NC,3.545454545,43.4244,-70.7573,37105
 Santa Ana, CA,3.88877551,33.7366,-117.8819,6059
 Santa Barbara, CA,3.776989619,34.4285,-119.7202,6083
 Santa Clara, CA,3.711587591,37.1311,-113.656,6085
 Santa Clarita, CA,4.046,34.4155,-118.4992,6037
 Santa Cruz, CA,3.675583333,36.9788,-122.0346,6087
 Santa Fe, NM,3.947297297,29.3891,-95.1005,35049
 Santa Maria, CA,3.903496503,34.9333,-120.4432,6083
 Santa Monica, CA,3.876510523,34.0232,-118.4813,6037
 Santa Paula, CA,3.824137931,34.352,-119.0698,6111
 Santa Rosa, CA,3.839435146,38.4465,-122.706,6097
 Saranac Lake, NY,3.9,44.3246,-74.1315,36033
 Sarasota, FL,3.838325991,27.3391,-82.5439,12115
 Saratoga, CA,3.860136674,37.2682,-122.0264,6085
 Saratoga Springs, NY,3.704860088,40.3447,-111.9154,36091
 Savannah, GA,3.796230954,39.939,-94.8279,13051
 Schaumburg, IL,3.658898305,42.0307,-88.0838,17031
 Schenectady, NY,3.850847458,42.8025,-73.9276,36093
 Schiller Park, IL,3.666666667,41.9586,-87.8693,17031
 Scottsbluff, NE,4.177777778,41.8677,-103.6619,31157
 Scottsdale, AZ,3.881025641,33.6872,-111.865,4013
 Scranton, PA,3.795903614,41.4044,-75.6649,42069
 Sealy, TX,4.4,29.7673,-96.1678,48015
 Searcy, AR,3.813716814,35.2418,-91.7351,5145
 Seaside, CA,3.677225131,45.9889,-123.9214,6053
 Seattle, WA,3.741154562,47.6211,-122.3244,53033
 Sedalia, MO,3.85,38.7043,-93.2349,29159
 Seguin, TX,3.796774194,29.5894,-97.9659,48187
 Selinsgrove, PA,3.677319588,40.8003,-76.8647,42109
 Sellersburg, IN,3.840740741,38.4028,-85.7706,18019
 Selma, AL,3.707692308,32.4166,-87.0336,1047
 Seminole, OK,4.098181818,35.2346,-96.65,40133
 Senatobia, MS,4.117647059,34.6081,-89.9762,28137
 Seward, NE,3.663888889,40.9094,-97.0962,31159
 Sharon, PA,3.921428571,41.2339,-80.4997,42085
 Shawnee, OK,3.812844037,39.0158,-94.8076,40125
 Sheboygan, WI,3.881944444,43.7447,-87.7322,55117
 Shelby, AL,4.32,40.8846,-82.6578,1117
 Shelby, NC,3.386666667,40.8846,-82.6578,37045
 Shepherdstown, WV,3.742450142,39.4318,-77.8048,54037
 Sheridan, WY,4.055555556,45.0955,-123.397,56033
 Sherman, TX,3.87704918,33.6266,-96.6195,48181
 Shippensburg, PA,3.639130435,40.0485,-77.5227,42041
 Shoreline, WA,3.734883721,47.7564,-122.3426,53033
 Show Low, AZ,2,34.2671,-110.0384,4017
 Shreveport, LA,3.816060606,32.4659,-93.7959,22017
 Sierra Vista, AZ,4.077380952,31.563,-110.3153,4003
 Signal Hill, CA,2.333333333,33.8029,-118.1682,6037
 Siloam Springs, AR,3.732786885,36.1837,-94.5318,5007
 Silver City, NM,4.025581395,32.7783,-108.2699,35017
 Simi Valley, CA,3.628571429,34.2663,-118.749,6111
 Sioux Center, IA,3.670689655,43.0747,-96.1709,19167
 Sioux City, IA,3.715740741,42.4959,-96.3901,19193
 Sioux Falls, SD,3.767934783,43.5397,-96.7322,46099
 Sitka, AK,4.45,57.2401,-135.3153,2220
 Skokie, IL,3.755376344,42.0359,-87.74,17031
 Slippery Rock, PA,3.658867925,41.0695,-80.058,42019
 Smithfield, NC,3.664285714,41.8347,-111.8266,37101
 Smyrna, TN,3.81,33.8633,-84.5168,47149
 Snyder, TX,3.606666667,32.7133,-100.9113,48415
 Socorro, NM,3.739344262,31.6385,-106.2601,35053
 Soldotna, AK,4.196969697,60.4862,-151.0672,2122
 Somerset, KY,3.826213592,37.0815,-84.6089,21199
 Somerset, NJ,3.825,37.0815,-84.6089,34035
 Somerset, PA,4.08,37.0815,-84.6089,42111
 Somerville, MA,4.75,42.3908,-71.1013,25017
 Sonora, CA,3.844736842,37.9819,-120.3828,6109
 South Bend, IN,3.834644478,41.6771,-86.2692,18141
 South Charleston, WV,2.35,38.3482,-81.711,54039
 South Euclid, OH,3.558536585,41.5239,-81.5245,39035
 South Haven, MI,3.9875,42.4011,-86.2676,26159
 South Holland, IL,3.854347826,41.5977,-87.6022,17031
 South Jordan, UT,5,40.5571,-111.9782,49035
 South Lake Tahoe, CA,4.333333333,38.9393,-119.9828,6017
 South Miami, FL,3.8125,25.7078,-80.2952,12086
 South Plainfield, NJ,5,40.5748,-74.4153,34023
 South Portland, ME,3.942436975,43.631,-70.2895,23005
 Southampton, NY,3.4,50.9,-1.4,36103
 Southaven, MS,3.785185185,34.9514,-89.9787,28033
 Southfield, MI,3.652123552,42.4765,-83.2605,26125
 Spartanburg, SC,3.767945545,34.9437,-81.9257,45083
 Spearfish, SD,3.813636364,44.4912,-103.8166,46081
 Spokane, WA,3.789724072,47.6671,-117.433,53063
 Springfield, IL,3.771590909,44.0538,-122.9811,17167
 Springfield, MA,3.710169492,44.0538,-122.9811,25013
 Springfield, MO,3.73322926,44.0538,-122.9811,29077
 Springfield, OH,3.784513274,44.0538,-122.9811,39023
 Springfield, OR,4.13,44.0538,-122.9811,41039
 St. Petersburg, FL,3.781028761,59.939,30.316,12103
 Stamford, CT,3.610869565,41.1036,-73.5583,9001
 Starkville, MS,3.709854015,33.4608,-88.8297,28105
 State College, PA,4.445454545,40.7909,-77.8568,42027
 Staten Island, NY,3.739163987,40.5834,-74.1496,36085
 Statesboro, GA,3.711519845,32.4376,-81.775,13031
 Statesville, NC,3.924358974,35.7838,-80.8711,37097
 Staunton, VA,3.735714286,39.0117,-89.7904,51790
 Steamboat Springs, CO,4.046153846,40.4774,-106.8233,8107
 Stephenville, TX,3.625301205,32.2148,-98.2205,48143
 Sterling, CO,4.233333333,41.7997,-89.6952,8075
 Sterling, KS,4.077272727,41.7997,-89.6952,20159
 Steubenville, OH,3.801546392,40.3653,-80.6519,39081
 Stevens Point, WI,3.736259542,44.5241,-89.5508,55097
 Stillwater, OK,3.659703947,45.0573,-92.8313,40119
 Stockton, CA,3.927120419,37.9766,-121.3112,6077
 Storm Lake, IA,3.523188406,42.6431,-95.197,19021
 Strongsville, OH,2.333333333,41.3128,-81.8313,39035
 Stuart, FL,3.533333333,27.1962,-80.2438,12085
 Suffern, NY,3.723428571,41.1138,-74.1421,36087
 Suffolk, VA,5,36.6953,-76.6398,51800
 Sugar Grove, IL,3.659375,41.7758,-88.448,17089
 Sugar Land, TX,3.737068966,29.5965,-95.6293,48157
 Sullivan, MO,4,38.2127,-91.1637,29071
 Summit, MS,3.909090909,41.7877,-87.8145,28113
 Sumter, SC,3.863636364,33.9392,-80.393,45085
 Sunbury, PA,4.1,40.2484,-82.8803,42097
 Sunnyvale, CA,3.88125,37.3835,-122.0257,6085
 Sunset Hills, MO,2.2,38.531,-90.4088,29189
 Superior, WI,3.700819672,39.9346,-105.1586,55031
 Susanville, CA,4.420833333,40.4206,-120.6129,6035
 Swainsboro, GA,3.677272727,32.5866,-82.3345,13107
 Swarthmore, PA,3.930263158,39.9022,-75.3488,42045
 Sweetwater, TX,4.271428571,35.6027,-84.4718,48353
 Sylvania, OH,3.72,41.71,-83.7085,39095
 Syracuse, NY,3.699512195,41.0863,-112.0695,36067
 Tacoma, WA,3.732831325,47.2431,-122.4531,53053
 Taft, CA,3.856923077,35.1267,-119.4242,6029
 Tahlequah, OK,3.756078431,35.9116,-94.9773,40021
 Takoma Park, MD,3.752307692,38.981,-77.0028,24031
 Talladega, AL,3.08,33.4329,-86.0976,1121
 Tallahassee, FL,3.741089728,30.455,-84.2526,12073
 Tampa, FL,3.814787472,27.9937,-82.4454,12057
 Taos, NM,5,36.3868,-105.5802,35055
 Tarboro, NC,4.1125,35.9045,-77.5563,37065
 Tarrytown, NY,4.06,41.0647,-73.8673,36119
 Taylor, MI,3.470322581,42.226,-83.2688,26163
 Temecula, CA,4.225,33.4928,-117.1314,6065
 Tempe, AZ,3.668794495,33.3881,-111.9318,4013
 Temple, TX,3.981967213,31.1076,-97.3894,48027
 Temple Terrace, FL,3.6875,28.0435,-82.3777,12057
 Terre Haute, IN,3.619017764,39.4654,-87.3763,18167
 Terrell, TX,4.068,32.7328,-96.292,48257
 Texarkana, TX,4.002298851,33.4361,-93.996,48037
 Texas City, TX,4.07247191,29.4128,-94.9658,48167
 Thatcher, AZ,4.034,32.832,-109.7595,4009
 The Dalles, OR,3.528571429,45.6047,-121.1815,41065
 Thibodaux, LA,3.787563452,29.7941,-90.8163,22057
 Thief River Falls, MN,3.585714286,48.1112,-96.1771,27113
 Thomasville, AL,3.990909091,30.8394,-83.9782,1025
 Thomasville, GA,3.608333333,30.8394,-83.9782,13275
 Thornton, CO,4.6,39.9205,-104.9443,8001
 Thousand Oaks, CA,3.848659004,34.1914,-118.8755,6111
 Tiffin, OH,3.579166667,41.1165,-83.1805,39147
 Tifton, GA,3.880882353,31.4625,-83.5205,13277
 Tillamook, OR,3.6625,45.4562,-123.8332,41057
 Tinley Park, IL,3.538888889,41.567,-87.8051,17031
 Titusville, FL,3.839240506,41.6273,-79.6699,12009
 Titusville, PA,3.76875,41.6273,-79.6699,42039
 Toledo, OH,3.665087282,41.6639,-83.5822,39095
 Tooele, UT,5,40.5394,-112.3082,49045
 Topeka, KS,3.796013289,39.0346,-95.6956,20177
 Toppenish, WA,3.614285714,46.3807,-120.3124,53077
 Torrance, CA,3.918864293,33.8346,-118.3417,6037
 Torrington, CT,4.023809524,41.8349,-73.1282,9005
 Torrington, WY,4.583333333,41.8349,-73.1282,56015
 Traverse City, MI,3.773770492,44.7547,-85.6035,26055
 Trenton, MO,3.832,42.1395,-83.193,29079
 Trenton, NJ,3.737799043,42.1395,-83.193,34021
 Trinidad, CO,4.5875,37.1748,-104.4907,8071
 Trinity, FL,3.85,35.8756,-80.0093,12101
 Troy, AL,3.777053824,42.5818,-83.1457,1109
 Troy, MI,3.685490196,42.5818,-83.1457,26125
 Troy, NC,4.41,42.5818,-83.1457,37123
 Troy, NY,3.661866667,42.5818,-83.1457,36083
 Truckee, CA,4.333333333,39.3454,-120.1848,6057
 Tucson, AZ,3.724738462,32.1546,-110.8782,4019
 Tukwila, WA,2.1,47.4748,-122.2727,53033
 Tulare, CA,3.66,36.1996,-119.34,6107
 Tullahoma, TN,3.946153846,35.372,-86.2173,47031
 Tulsa, OK,3.785803657,36.1284,-95.9042,40143
 Tupelo, MS,1,34.2691,-88.7318,28081
 Turlock, CA,3.796684119,37.5053,-120.8588,6099
 Tuscaloosa, AL,3.839551478,33.2349,-87.5267,1125
 Tuskegee, AL,3.470454545,32.4396,-85.7139,1087
 Twin Falls, ID,4.041071429,42.5645,-114.4611,16083
 Tyler, TX,3.824700599,32.3184,-95.3065,48423
 Ukiah, CA,4.158208955,39.1462,-123.2104,6045
 Union, MO,3.795,38.9472,-84.6731,29071
 Union, SC,3.964285714,38.9472,-84.6731,45087
 Uniontown, PA,4.05,39.8994,-79.7243,42051
 Universal City, TX,3.792465753,29.5521,-98.3074,48029
 University Heights, OH,3.669896907,41.4948,-81.5348,39035
 University Park, IL,3.852892562,41.446,-87.7154,17031
 Upland, CA,4.20625,34.1178,-117.6603,6071
 Upland, IN,3.673684211,34.1178,-117.6603,18053
 Urbana, IL,4.75,40.1088,-83.7541,17019
 Urbana, OH,3.736363636,40.1088,-83.7541,39021
 Urbandale, IA,3,41.639,-93.7814,19153
 Utica, NY,3.670683453,43.0961,-75.226,36065
 Uvalde, TX,3.926666667,29.2153,-99.7782,48463
 Valdez, AK,2.85,1.2671,-78.9855,2261
 Valdosta, GA,3.833196721,30.8503,-83.2789,13185
 Vallejo, CA,3.626666667,38.1133,-122.2359,6095
 Valley, AL,4.209090909,32.8086,-85.1792,1017
 Valley City, ND,4.092857143,46.9223,-98.0055,38003
 Valparaiso, IN,3.627728614,41.4781,-87.0507,18127
 Vancouver, WA,3.717486339,45.6352,-122.597,53011
 Venice, FL,3.769444444,27.1166,-82.4135,12115
 Vermillion, SD,3.75990566,42.7811,-96.9256,46027
 Vernal, UT,3,40.4517,-109.5379,49047
 Vernon, TX,3.633333333,34.148,-99.3,48487
 Vero Beach, FL,3.569565217,27.6463,-80.393,12061
 Victoria, TX,3.748660714,44.8634,-93.6586,48469
 Victorville, CA,3.853868195,34.5277,-117.3537,6071
 Vidalia, GA,2.655555556,32.2134,-82.4035,13279
 Vienna, WV,4.15625,39.3238,-81.5383,54107
 Vincennes, IN,3.720422535,38.676,-87.5102,18083
 Vineland, NJ,3.975483871,39.4653,-74.9981,34011
 Virginia Beach, VA,3.875429185,36.7335,-76.0435,51810
 Visalia, CA,4.058085809,36.3273,-119.3264,6107
 Waco, GA,4.112903226,31.5597,-97.1883,13143
 Waco, TX,3.794633078,31.5597,-97.1883,48309
 Wake Forest, NC,4.280851064,35.9631,-78.5143,37183
 Walla Walla, WA,3.966666667,46.067,-118.3365,53071
 Walnut, CA,3.951383875,34.0334,-117.8593,6037
 Walnut Creek, CA,5,37.9025,-122.0398,6013
 Walnut Ridge, AR,3.936363636,36.0805,-90.9446,5075
 Waltham, MA,3.643626374,42.3889,-71.2423,25017
 Warner Robins, GA,3.933333333,32.598,-83.6528,13153
 Warren, MI,3.46,42.4934,-83.027,26099
 Warren, OH,4.009677419,42.4934,-83.027,39155
 Warrensburg, MO,3.622644377,38.7617,-93.7283,29101
 Warrenton, VA,4.089473684,46.1685,-123.9302,51061
 Warsaw, IN,4.5,41.2443,-85.8479,18085
 Warsaw, VA,3.85,41.2443,-85.8479,51159
 Warwick, RI,3.87460733,41.7062,-71.4334,44003
 Washington, DC,3.683183527,38.5515,-91.0151,11001
 Washington, NC,3.993333333,38.5515,-91.0151,37013
 Washington, NJ,3.809090909,38.5515,-91.0151,34041
 Washington, PA,3.759027778,38.5515,-91.0151,42125
 Waterbury, CT,4.013752456,41.5583,-73.0361,9009
 Waterloo, IA,3.796666667,42.492,-92.3522,19013
 Watertown, NY,3.986792453,44.9096,-97.1536,36045
 Watertown, SD,4.5,44.9096,-97.1536,46029
 Watertown, WI,3.752941176,44.9096,-97.1536,55055
 Waterville, ME,3.86625,41.5014,-83.7367,23011
 Watsonville, CA,4,36.9205,-121.7706,6087
 Waukegan, IL,4,42.3697,-87.8716,17097
 Waukesha, WI,3.701877934,43.0087,-88.2464,55133
 Wausau, WI,3.910869565,44.9615,-89.6436,55073
 Waverly, IA,3.585,42.7249,-92.4707,19017
 Waxahachie, TX,3.864485981,32.4036,-96.8428,48139
 Waycross, GA,3.755555556,31.2108,-82.358,13299
 Wayne, NE,3.381666667,42.2774,-83.3877,31179
 Waynesburg, PA,3.989285714,39.8983,-80.1855,42059
 Waynesville, MO,1,37.8207,-92.2199,29169
 Weatherford, OK,3.75177665,35.5385,-98.6872,40039
 Weatherford, TX,3.842727273,35.5385,-98.6872,48367
 Weirton, WV,5,40.406,-80.5671,54029
 Wenatchee, WA,3.976,47.4338,-120.3285,53007
 West Bend, WI,3.679310345,43.4184,-88.1822,55131
 West Chester, PA,3.698518519,39.9601,-75.6058,42029
 West Covina, CA,4.72,34.0555,-117.9113,6037
 West Des Moines, IA,3.811764706,41.5527,-93.7805,19153
 West Haven, CT,3.632731377,41.2082,-112.0538,9009
 West Lafayette, IN,3.677187865,40.4432,-86.9239,18157
 West Long Branch, NJ,3.722115385,40.2883,-74.0185,34025
 West Memphis, AR,4.277777778,35.1536,-90.1991,5035
 West Palm Beach, FL,3.817730496,26.7467,-80.1314,12099
 West Plains, MO,3.374074074,36.7378,-91.868,29091
 West Point, GA,3.966666667,33.6064,-88.6571,13285
 West Point, NY,4.268493151,33.6064,-88.6571,36071
 West Sacramento, CA,3.5,38.5556,-121.5504,6113
 Westbury, NY,3.7252,40.7599,-73.5891,36059
 Westerville, OH,3.84057971,40.1241,-82.9209,39049
 Westfield, MA,3.579957356,42.1382,-72.7561,25013
 Westminster, CA,3.642857143,39.5797,-77.0064,6059
 Westminster, CO,3.796,39.5797,-77.0064,8001
 Westminster, MD,3.763968668,39.5797,-77.0064,24013
 Weston, FL,4.007692308,26.1006,-80.4057,12011
 Westville, IN,3.827480916,41.5381,-86.9054,18091
 Wharton, TX,3.835384615,29.3138,-96.1044,48481
 Wheaton, IL,4.074576271,41.8561,-88.1083,17043
 Wheeling, WV,3.83,42.1308,-87.9239,54069
 White Bear Lake, MN,3.746710526,45.0655,-93.0149,27123
 White Plains, NY,3.741322314,41.022,-73.7548,36119
 Whiteville, NC,3.667567568,34.3306,-78.7014,37047
 Whitewater, WI,3.597826087,42.8372,-88.7341,55127
 Whittier, CA,3.916051364,33.9678,-118.0188,6037
 Wichita, KS,3.743093923,37.6897,-97.3442,20173
 Wichita Falls, TX,3.725182482,33.9072,-98.5293,48485
 Wildwood, MO,3.444117647,38.5798,-90.6697,29189
 Williamsburg, KY,3.812,36.7392,-84.1647,21235
 Williamsburg, VA,3.760914286,36.7392,-84.1647,51830
 Williamsport, PA,3.719312602,41.2398,-77.0371,42081
 Williamston, NC,3.74,42.6834,-84.2836,37117
 Williamsville, NY,3.733170732,42.9623,-78.7418,36029
 Williston, ND,4.1,48.1814,-103.6364,38105
 Willmar, MN,3.82,45.1226,-95.0561,27067
 Willoughby Hills, OH,5,41.5873,-81.4333,39085
 Wilmington, DE,3.741025641,39.4387,-83.8184,10003
 Wilmington, NC,3.82875,39.4387,-83.8184,37129
 Wilmington, OH,3.90625,39.4387,-83.8184,39027
 Wilmore, KY,4.034586466,37.8786,-84.6545,21113
 Wilson, NC,3.897674419,40.6844,-75.2407,37195
 Wilsonville, OR,3.7075,45.3107,-122.7706,41005
 Winchester, VA,3.736206897,38.0014,-84.1907,51840
 Winfield, KS,3.638888889,37.274,-96.9499,20035
 Winona, MN,3.644957983,44.0509,-91.6689,27169
 Winona Lake, IN,3.881818182,41.2166,-85.8106,18085
 Winooski, VT,3.85,44.4951,-73.1842,50007
 Winston-Salem, NC,3.875618375,36.1029,-80.261,37067
 Winter Haven, FL,3.858411215,28.0122,-81.7018,12105
 Winter Park, FL,3.906944444,28.5986,-81.3436,12095
 Wisconsin Rapids, WI,4.122222222,44.3928,-89.8265,55141
 Woburn, MA,4.866666667,42.4869,-71.1543,25017
 Woodland, CA,4.074418605,38.6712,-121.75,6113
 Woodridge, IL,3.896428571,41.7369,-88.0408,17043
 Woodward, OK,4.8,36.4246,-99.4059,40153
 Wooster, OH,3.875113122,40.8167,-81.9338,39169
 Worcester, MA,3.685212813,42.2705,-71.8079,25027
 Worthington, MN,3.925,43.6282,-95.5992,27105
 Wyoming, MI,3.571428571,42.8909,-85.7066,26081
 Wyomissing, PA,4.151851852,40.3317,-75.9703,42011
 Wytheville, VA,4.04,36.953,-81.0881,51197
 Yakima, WA,3.744117647,46.5923,-120.5496,53077
 Yankton, SD,4.277777778,42.89,-97.3924,46135
 Yonkers, NY,4.475,40.9466,-73.8674,36119
 York, NE,4.033333333,34.9968,-81.2348,31185
 York, PA,3.710526316,34.9968,-81.2348,42133
 Youngstown, OH,3.736816525,41.0993,-80.6463,39099
 Ypsilanti, MI,3.717678452,42.2437,-83.6205,26161
 Yuba City, CA,4.7,39.1357,-121.6381,6101
 Yucaipa, CA,3.894618834,34.0336,-117.0426,6071
 Yuma, AZ,3.928571429,32.5991,-114.5488,4027
 Zanesville, OH,3.998484848,39.9567,-82.0133,39119
